address,name,size,isThunk,isExternal
140001000,FUN_140001000,380,false,false
140001188,FUN_140001188,3,false,false
14000118c,FUN_14000118c,70,false,false
1400011d4,FUN_1400011d4,130,false,false
140001258,FUN_140001258,164,false,false
1400012fc,FUN_1400012fc,304,false,false
14000142c,FUN_14000142c,7509,false,false
140003184,FUN_140003184,350,false,false
1400032e4,FUN_1400032e4,421,false,false
14000348c,WndProc1,5,true,false
140003494,WndProc2,5,true,false
14000349c,WndProc3,5,true,false
1400034a4,FUN_1400034a4,47,false,false
1400034d4,FUN_1400034d4,47,false,false
1400035a4,FUN_1400035a4,47,false,false
1400035d4,FUN_1400035d4,655,false,false
140003864,FUN_140003864,152,false,false
1400038fc,FUN_1400038fc,127,false,false
14000397c,FUN_14000397c,161,false,false
140003a20,FUN_140003a20,139,false,false
140003aac,FUN_140003aac,277,false,false
140003bc4,FUN_140003bc4,226,false,false
140003ca8,FUN_140003ca8,2931,false,false
14000481c,FUN_14000481c,166,false,false
1400048c4,FUN_1400048c4,322,false,false
140004a08,FUN_140004a08,188,false,false
140004ac4,FUN_140004ac4,878,false,false
140004e34,FUN_140004e34,136,false,false
140004ebc,FUN_140004ebc,123,false,false
140004f38,FUN_140004f38,67,false,false
140004f7c,FUN_140004f7c,87,false,false
140004fd4,FUN_140004fd4,56,false,false
14000500c,FUN_14000500c,147,false,false
1400050a0,FUN_1400050a0,40,false,false
1400050c8,FUN_1400050c8,126,false,false
140005148,FUN_140005148,107,false,false
1400051b4,FUN_1400051b4,152,false,false
14000524c,FUN_14000524c,205,false,false
14000531c,FUN_14000531c,38,false,false
140005344,FUN_140005344,73,false,false
140005390,FUN_140005390,35,false,false
1400053b4,FUN_1400053b4,182,false,false
14000546c,FUN_14000546c,85,false,false
1400054c4,FUN_1400054c4,29,false,false
1400054e4,FUN_1400054e4,55,false,false
14000551c,FUN_14000551c,208,false,false
1400055ec,FUN_1400055ec,159,false,false
14000568c,FUN_14000568c,45,false,false
1400056bc,FUN_1400056bc,121,false,false
140005738,FUN_140005738,221,false,false
140005818,FUN_140005818,115,false,false
14000588c,FUN_14000588c,34,false,false
1400058b0,FUN_1400058b0,68,false,false
1400058f4,FUN_1400058f4,31,false,false
140005914,FUN_140005914,249,false,false
140005a10,FUN_140005a10,331,false,false
140005b5c,FUN_140005b5c,187,false,false
140005c18,FUN_140005c18,49,false,false
140005c4c,FUN_140005c4c,1131,false,false
1400060b8,FUN_1400060b8,282,false,false
1400061d4,FUN_1400061d4,287,false,false
1400062f4,FUN_1400062f4,45,false,false
140006324,FUN_140006324,40,false,false
14000634c,FUN_14000634c,153,false,false
1400063e8,FUN_1400063e8,17,false,false
1400063fc,FUN_1400063fc,290,false,false
140006520,FUN_140006520,52,false,false
140006554,FUN_140006554,268,false,false
140006660,FUN_140006660,86,false,false
1400066b8,FUN_1400066b8,44,false,false
1400066e4,FUN_1400066e4,138,false,false
140006770,FUN_140006770,144,false,false
140006800,MemoryCopy,28,false,false
14000681c,MemoryCompare,2,true,false
140006830,FUN_140006830,31,false,false
140006840,MemorySet,28,false,false
14000685c,FUN_14000685c,97,false,false
1400068c0,FUN_1400068c0,97,false,false
140006924,FUN_140006924,97,false,false
140006988,FUN_140006988,155,false,false
140006a24,dllMain_Name,38,false,false
140006a4c,FUN_140006a4c,83,false,false
140006aa0,FUN_140006aa0,3024,false,false
140007670,FUN_140007670,1286,false,false
140007b78,FUN_140007b78,73,false,false
140007bc4,thunk_FUN_140067b78,5,true,false
140007bcc,FUN_140007bcc,36,false,false
140007bf0,FUN_140007bf0,39,false,false
140007c18,FUN_140007c18,1270,false,false
140008110,FUN_140008110,687,false,false
1400083c0,FUN_1400083c0,270,false,false
1400084d0,FUN_1400084d0,573,false,false
140008710,FUN_140008710,290,false,false
140008834,FUN_140008834,759,false,false
140008b2c,FUN_140008b2c,302,false,false
140008c5c,FUN_140008c5c,317,false,false
140008d9c,FUN_140008d9c,152,false,false
140008e34,FUN_140008e34,107,false,false
140008ea4,FUN_140008ea4,449,false,false
140009068,FUN_140009068,372,false,false
1400091e0,FUN_1400091e0,833,false,false
140009524,FUN_140009524,433,false,false
1400096d8,FUN_1400096d8,66,false,false
14000971c,FUN_14000971c,294,false,false
140009844,FUN_140009844,150,false,false
1400098dc,FUN_1400098dc,1007,false,false
140009ccc,mainW,1151,false,false
14000a14c,FUN_14000a14c,885,false,false
14000a4c4,FUN_14000a4c4,190,false,false
14000a584,FUN_14000a584,6520,false,false
14000befc,FUN_14000befc,208,false,false
14000bfcc,FUN_14000bfcc,1121,false,false
14000c430,FUN_14000c430,814,false,false
14000c764,FUN_14000c764,1909,false,false
14000cedc,FUN_14000cedc,961,false,false
14000d2a0,FUN_14000d2a0,3609,false,false
14000e0bc,FUN_14000e0bc,429,false,false
14000e26c,FUN_14000e26c,33864,false,false
1400166b4,FUN_1400166b4,776,false,false
1400169bc,FUN_1400169bc,237,false,false
140016aac,main5,35,false,false
140016ad0,mainB,16,false,false
140016ae0,FUN_140016ae0,230,false,false
140016bc8,FUN_140016bc8,1094,false,false
140017010,main1,33,false,false
140017034,main,10,false,false
140017040,mainB_,5,true,false
140017048,FUN_140017048,67,false,false
14001708c,FUN_14001708c,33,false,false
1400170b0,FUN_1400170b0,44,false,false
1400170dc,FUN_1400170dc,51,false,false
140017110,FUN_140017110,112,false,false
140017180,FUN_140017180,35,false,false
1400171a4,FUN_1400171a4,334,false,false
1400172f4,FUN_1400172f4,298,false,false
140017420,FUN_140017420,168,false,false
1400174c8,FUN_1400174c8,99,false,false
14001752c,FUN_14001752c,113,false,false
1400175a0,FUN_1400175a0,147,false,false
140017634,FUN_140017634,52,false,false
140017668,FUN_140017668,48,false,false
140017698,FUN_140017698,139,false,false
140017724,FUN_140017724,76,false,false
140017770,FUN_140017770,36,false,false
140017794,FUN_140017794,36,false,false
1400177b8,FUN_1400177b8,23,false,false
1400177d0,FUN_1400177d0,168,false,false
140017878,FUN_140017878,142,false,false
140017908,FUN_140017908,237,false,false
1400179f8,FUN_1400179f8,258,false,false
140017afc,FUN_140017afc,142,false,false
140017b8c,FUN_140017b8c,336,false,false
140017cdc,FUN_140017cdc,597,false,false
140017f34,FUN_140017f34,32,false,false
140017f54,FUN_140017f54,104,false,false
140017fbc,FUN_140017fbc,249,false,false
1400180b8,FUN_1400180b8,144,false,false
140018148,FUN_140018148,46,false,false
140018178,FUN_140018178,63,false,false
1400181b8,FUN_1400181b8,102,false,false
140018220,FUN_140018220,475,false,false
1400183fc,FUN_1400183fc,156,false,false
140018498,FUN_140018498,18,false,false
1400184ac,FUN_1400184ac,133,false,false
140018534,FUN_140018534,146,false,false
1400185c8,FUN_1400185c8,225,false,false
1400186ac,FUN_1400186ac,13,false,false
1400186bc,FUN_1400186bc,161,false,false
140018760,FUN_140018760,14,false,false
140018770,FUN_140018770,11,false,false
14001877c,FUN_14001877c,47,false,false
1400187ac,FUN_1400187ac,32,false,false
1400187cc,FUN_1400187cc,65,false,false
140018810,FUN_140018810,31,false,false
140018830,FUN_140018830,130,false,false
1400188b4,FUN_1400188b4,55,false,false
1400188ec,FUN_1400188ec,86,false,false
140018944,FUN_140018944,51,false,false
140018978,FUN_140018978,396,false,false
140018b04,FUN_140018b04,82,false,false
140018b58,FUN_140018b58,24,false,false
140018b70,FUN_140018b70,60,false,false
140018bac,FUN_140018bac,21,false,false
140018bc4,FUN_140018bc4,41,false,false
140018bf0,FUN_140018bf0,82,false,false
140018c44,FUN_140018c44,25,false,false
140018c60,FUN_140018c60,11,false,false
140018c6c,FUN_140018c6c,288,false,false
140018d8c,FUN_140018d8c,224,false,false
140018e6c,FUN_140018e6c,275,false,false
140018f80,FUN_140018f80,43,false,false
140018fac,FUN_140018fac,178,false,false
140019060,FUN_140019060,517,false,false
140019268,FUN_140019268,28,false,false
140019284,FUN_140019284,74,false,false
1400192d0,FUN_1400192d0,681,false,false
14001957c,FUN_14001957c,116,false,false
1400195f0,FUN_1400195f0,547,false,false
140019814,FUN_140019814,228,false,false
1400198f8,FUN_1400198f8,100,false,false
14001995c,FUN_14001995c,175,false,false
140019a0c,FUN_140019a0c,32,false,false
140019a2c,FUN_140019a2c,325,false,false
140019b74,FUN_140019b74,221,false,false
140019c54,FUN_140019c54,26,false,false
140019c70,FUN_140019c70,70,false,false
140019cb8,FUN_140019cb8,189,false,false
140019d78,FUN_140019d78,45,false,false
140019da8,FUN_140019da8,140,false,false
140019e34,FUN_140019e34,242,false,false
140019f28,FUN_140019f28,119,false,false
140019fa0,FUN_140019fa0,253,false,false
14001a0a0,FUN_14001a0a0,81,false,false
14001a0f4,FUN_14001a0f4,251,false,false
14001a1f0,FUN_14001a1f0,48,false,false
14001a220,FUN_14001a220,58,false,false
14001a25c,FUN_14001a25c,38,false,false
14001a284,FUN_14001a284,513,false,false
14001a488,FUN_14001a488,136,false,false
14001a510,FUN_14001a510,91,false,false
14001a56c,FUN_14001a56c,68,false,false
14001a5b0,FUN_14001a5b0,95,false,false
14001a610,FUN_14001a610,48,false,false
14001a640,FUN_14001a640,83,false,false
14001a694,FUN_14001a694,101,false,false
14001a6fc,FUN_14001a6fc,256,false,false
14001a7fc,FUN_14001a7fc,61,false,false
14001a83c,FUN_14001a83c,108,false,false
14001a918,FUN_14001a918,81,false,false
14001a96c,FUN_14001a96c,144,false,false
14001a9fc,FUN_14001a9fc,236,false,false
14001aae8,FUN_14001aae8,87,false,false
14001ab40,FUN_14001ab40,66,false,false
14001ab84,FUN_14001ab84,214,false,false
14001ac5c,FUN_14001ac5c,94,false,false
14001acbc,FUN_14001acbc,45,false,false
14001acec,FUN_14001acec,68,false,false
14001ad30,FUN_14001ad30,120,false,false
14001ada8,FUN_14001ada8,346,false,false
14001af04,thunk_FUN_14001ada8,7,true,false
14001af0c,FUN_14001af0c,7,false,false
14001af14,FUN_14001af14,103,false,false
14001af7c,FUN_14001af7c,104,false,false
14001afe4,FUN_14001afe4,386,false,false
14001b168,FUN_14001b168,211,false,false
14001b23c,FUN_14001b23c,274,false,false
14001b350,FUN_14001b350,78,false,false
14001b3a0,FUN_14001b3a0,244,false,false
14001b494,FUN_14001b494,99,false,false
14001b4f8,FUN_14001b4f8,23,false,false
14001b510,FUN_14001b510,154,false,false
14001b5ac,FUN_14001b5ac,90,false,false
14001b608,FUN_14001b608,88,false,false
14001b660,FUN_14001b660,81,false,false
14001b6b4,FUN_14001b6b4,257,false,false
14001b7b8,FUN_14001b7b8,58,false,false
14001b7f4,FUN_14001b7f4,90,false,false
14001b850,FUN_14001b850,53,false,false
14001b888,FUN_14001b888,433,false,false
14001ba3c,FUN_14001ba3c,71,false,false
14001ba84,FUN_14001ba84,172,false,false
14001bb30,FUN_14001bb30,121,false,false
14001bbac,FUN_14001bbac,45,false,false
14001bbdc,FUN_14001bbdc,159,false,false
14001bc7c,FUN_14001bc7c,206,false,false
14001bd4c,FUN_14001bd4c,199,false,false
14001be14,FUN_14001be14,84,false,false
14001be68,FUN_14001be68,64,false,false
14001bea8,FUN_14001bea8,120,false,false
14001bf20,FUN_14001bf20,249,false,false
14001c01c,FUN_14001c01c,431,false,false
14001c1cc,thunk_FUN_14005e028,5,true,false
14001c1d4,FUN_14001c1d4,155,false,false
14001c270,FUN_14001c270,91,false,false
14001c2cc,FUN_14001c2cc,223,false,false
14001c3ac,FUN_14001c3ac,158,false,false
14001c44c,FUN_14001c44c,13,false,false
14001c45c,FUN_14001c45c,975,false,false
14001c82c,FUN_14001c82c,16,false,false
14001c83c,FUN_14001c83c,98,false,false
14001c8a0,FUN_14001c8a0,176,false,false
14001c950,FUN_14001c950,549,false,false
14001cb78,FUN_14001cb78,1146,false,false
14001cff4,FUN_14001cff4,759,false,false
14001d2ec,FUN_14001d2ec,775,false,false
14001d5f4,FUN_14001d5f4,52,false,false
14001d628,FUN_14001d628,281,false,false
14001d744,FUN_14001d744,71,false,false
14001d78c,FUN_14001d78c,36,false,false
14001d7b0,FUN_14001d7b0,96,false,false
14001d810,FUN_14001d810,182,false,false
14001d8c8,FUN_14001d8c8,689,false,false
14001db7c,FUN_14001db7c,390,false,false
14001dd04,FUN_14001dd04,170,false,false
14001ddb0,FUN_14001ddb0,156,false,false
14001de4c,FUN_14001de4c,36,false,false
14001de70,FUN_14001de70,36,false,false
14001de94,FUN_14001de94,190,false,false
14001df54,FUN_14001df54,304,false,false
14001e084,FUN_14001e084,278,false,false
14001e19c,FUN_14001e19c,164,false,false
14001e240,FUN_14001e240,137,false,false
14001e2cc,FUN_14001e2cc,254,false,false
14001e3cc,FUN_14001e3cc,270,false,false
14001e4dc,FUN_14001e4dc,143,false,false
14001e578,FUN_14001e578,56,false,false
14001e5b0,FUN_14001e5b0,236,false,false
14001e69c,FUN_14001e69c,29,false,false
14001e6bc,FUN_14001e6bc,435,false,false
14001e870,FUN_14001e870,62,false,false
14001e8b0,FUN_14001e8b0,29,false,false
14001e8d0,FUN_14001e8d0,26,false,false
14001e8ec,FUN_14001e8ec,297,false,false
14001ea18,FUN_14001ea18,449,false,false
14001ebdc,FUN_14001ebdc,383,false,false
14001ed5c,FUN_14001ed5c,365,false,false
14001eecc,FUN_14001eecc,441,false,false
14001f088,FUN_14001f088,106,false,false
14001f0f4,FUN_14001f0f4,111,false,false
14001f164,FUN_14001f164,109,false,false
14001f1d4,FUN_14001f1d4,2809,false,false
14001fcd0,FUN_14001fcd0,144,false,false
14001fd60,FUN_14001fd60,132,false,false
14001fde4,FUN_14001fde4,320,false,false
14001ff24,FUN_14001ff24,241,false,false
140020018,FUN_140020018,2898,false,false
140020b6c,FUN_140020b6c,395,false,false
140020cf8,FUN_140020cf8,326,false,false
140020e40,FUN_140020e40,114,false,false
140020eb4,FUN_140020eb4,169,false,false
140020f60,FUN_140020f60,113,false,false
140020fd4,FUN_140020fd4,367,false,false
140021144,FUN_140021144,1256,false,false
14002162c,FUN_14002162c,86,false,false
140021684,FUN_140021684,61,false,false
1400216c4,FUN_1400216c4,247,false,false
1400217bc,FUN_1400217bc,653,false,false
140021a4c,FUN_140021a4c,3172,false,false
1400226b0,FUN_1400226b0,51,false,false
1400226e4,FUN_1400226e4,391,false,false
14002286c,FUN_14002286c,396,false,false
1400229f8,FUN_1400229f8,118,false,false
140022a70,FUN_140022a70,945,false,false
140022e24,FUN_140022e24,111,false,false
140022e94,FUN_140022e94,491,false,false
140023080,FUN_140023080,487,false,false
140023268,FUN_140023268,208,false,false
140023338,FUN_140023338,523,false,false
140023544,FUN_140023544,107,false,false
1400235b0,FUN_1400235b0,143,false,false
140023640,FUN_140023640,1411,false,false
140023bc4,FUN_140023bc4,129,false,false
140023c48,FUN_140023c48,1142,false,false
1400240c0,FUN_1400240c0,655,false,false
140024350,FUN_140024350,476,false,false
14002452c,FUN_14002452c,847,false,false
14002487c,FUN_14002487c,472,false,false
140024a54,FUN_140024a54,497,false,false
140024c48,FUN_140024c48,727,false,false
140024f20,FUN_140024f20,412,false,false
1400250bc,FUN_1400250bc,52,false,false
1400250f0,FUN_1400250f0,142,false,false
140025180,FUN_140025180,42,false,false
1400251ac,FUN_1400251ac,198,false,false
140025274,FUN_140025274,191,false,false
140025334,FUN_140025334,205,false,false
140025404,FUN_140025404,111,false,false
140025474,FUN_140025474,1290,false,false
140025980,FUN_140025980,33,false,false
1400259a4,FUN_1400259a4,364,false,false
140025b10,FUN_140025b10,461,false,false
140025ce0,FUN_140025ce0,560,false,false
140025f10,FUN_140025f10,1062,false,false
140026338,FUN_140026338,4875,false,false
140027644,FUN_140027644,73,false,false
140027690,FUN_140027690,735,false,false
140027970,FUN_140027970,102,false,false
1400279d8,FUN_1400279d8,995,false,false
140027dbc,FUN_140027dbc,202,false,false
140027e88,FUN_140027e88,35,false,false
140027eac,FUN_140027eac,508,false,false
1400280a8,FUN_1400280a8,196,false,false
14002816c,FUN_14002816c,56,false,false
1400281a4,FUN_1400281a4,33,false,false
1400281c8,FUN_1400281c8,168,false,false
140028270,FUN_140028270,97,false,false
1400282d4,FUN_1400282d4,429,false,false
140028484,FUN_140028484,77,false,false
1400284d4,FUN_1400284d4,137,false,false
140028560,FUN_140028560,421,false,false
140028708,FUN_140028708,760,false,false
140028a00,FUN_140028a00,6917,false,false
14002a508,FUN_14002a508,1031,false,false
14002a910,FUN_14002a910,1399,false,false
14002ae88,FUN_14002ae88,284,false,false
14002afa4,FUN_14002afa4,837,false,false
14002b2ec,FUN_14002b2ec,1290,false,false
14002b7f8,FUN_14002b7f8,497,false,false
14002b9ec,FUN_14002b9ec,1625,false,false
14002c048,FUN_14002c048,1137,false,false
14002c4bc,FUN_14002c4bc,373,false,false
14002c634,FUN_14002c634,424,false,false
14002c7dc,FUN_14002c7dc,198,false,false
14002c8a4,FUN_14002c8a4,393,false,false
14002ca30,FUN_14002ca30,77,false,false
14002ca80,FUN_14002ca80,429,false,false
14002cc30,FUN_14002cc30,1803,false,false
14002d33c,FUN_14002d33c,969,false,false
14002d708,FUN_14002d708,3074,false,false
14002e30c,FUN_14002e30c,198,false,false
14002e3d4,FUN_14002e3d4,953,false,false
14002e790,FUN_14002e790,1714,false,false
14002ee44,FUN_14002ee44,902,false,false
14002f1cc,FUN_14002f1cc,30,false,false
14002f1ec,FUN_14002f1ec,170,false,false
14002f298,FUN_14002f298,65,false,false
14002f2dc,FUN_14002f2dc,375,false,false
14002f454,FUN_14002f454,2033,false,false
14002fc48,FUN_14002fc48,319,false,false
14002fd88,FUN_14002fd88,955,false,false
140030144,FUN_140030144,732,false,false
140030420,FUN_140030420,935,false,false
1400307c8,FUN_1400307c8,1538,false,false
140030dcc,FUN_140030dcc,334,false,false
140030f1c,FUN_140030f1c,332,false,false
140031068,FUN_140031068,1003,false,false
140031454,FUN_140031454,6510,false,false
140032dc4,FUN_140032dc4,6596,false,false
140034788,FUN_140034788,4312,false,false
140035860,FUN_140035860,677,false,false
140035b08,FUN_140035b08,25,false,false
140035b24,FUN_140035b24,25,false,false
140035b40,FUN_140035b40,428,false,false
140035cec,FUN_140035cec,1630,false,false
14003634c,FUN_14003634c,1665,false,false
1400369d0,FUN_1400369d0,4532,false,false
140037b84,FUN_140037b84,35,false,false
140037ba8,FUN_140037ba8,3460,false,false
14003892c,FUN_14003892c,35,false,false
140038950,FUN_140038950,113,false,false
1400389c4,FUN_1400389c4,874,false,false
140038d30,FUN_140038d30,6879,false,false
14003a810,FUN_14003a810,702,false,false
14003aad0,FUN_14003aad0,1341,false,false
14003b010,FUN_14003b010,1328,false,false
14003b540,FUN_14003b540,2851,false,false
14003c06c,FUN_14003c06c,2427,false,false
14003c9e8,FUN_14003c9e8,804,false,false
14003cd0c,FUN_14003cd0c,1897,false,false
14003d478,FUN_14003d478,397,false,false
14003d608,FUN_14003d608,804,false,false
14003d92c,FUN_14003d92c,468,false,false
14003db00,FUN_14003db00,1641,false,false
14003e16c,FUN_14003e16c,35,false,false
14003e190,FUN_14003e190,94,false,false
14003e1f0,FUN_14003e1f0,45,false,false
14003e220,FUN_14003e220,1021,false,false
14003e620,FUN_14003e620,114,false,false
14003e694,FUN_14003e694,209,false,false
14003e768,FUN_14003e768,1505,false,false
14003ed4c,FUN_14003ed4c,4931,false,false
140040090,FUN_140040090,583,false,false
1400402d8,FUN_1400402d8,8,false,false
1400402e0,FUN_1400402e0,11,false,false
1400402ec,FUN_1400402ec,97,false,false
140040350,FUN_140040350,135,false,false
1400403d8,FUN_1400403d8,1162,false,false
140040874,FUN_140040874,89,false,false
1400408d0,FUN_1400408d0,20373,false,false
140045868,FUN_140045868,63,false,false
1400458a8,FUN_1400458a8,110,false,false
140045918,FUN_140045918,809,false,false
140045c44,FUN_140045c44,75,false,false
140045c90,FUN_140045c90,2989,false,false
140046840,FUN_140046840,644,false,false
140046ac4,FUN_140046ac4,2016,false,false
1400472a4,FUN_1400472a4,514,false,false
1400474a8,FUN_1400474a8,19474,false,false
14004c0bc,FUN_14004c0bc,8717,false,false
14004e2cc,FUN_14004e2cc,441,false,false
14004e488,FUN_14004e488,1566,false,false
14004eaa8,FUN_14004eaa8,139,false,false
14004eb34,FUN_14004eb34,3153,false,false
14004f788,FUN_14004f788,298,false,false
14004f8b4,FUN_14004f8b4,52,false,false
14004f8e8,FUN_14004f8e8,30,false,false
14004f908,AtlThrowImpl,42,false,false
14004f934,FUN_14004f934,20,false,false
14004f948,FUN_14004f948,148,false,false
14004f9e0,FUN_14004f9e0,198,false,false
14004faa8,FUN_14004faa8,131,false,false
14004fb2c,FUN_14004fb2c,22,false,false
14004fb44,FUN_14004fb44,270,false,false
14004fc58,FUN_14004fc58,270,false,false
14004fd6c,FUN_14004fd6c,98,false,false
14004fdd0,FUN_14004fdd0,98,false,false
14004fe34,FUN_14004fe34,109,false,false
14004fea4,FUN_14004fea4,106,false,false
14004ff10,FUN_14004ff10,2868,false,false
140050a78,FUN_140050a78,562,false,false
140050cb0,FUN_140050cb0,668,false,false
140050f58,FUN_140050f58,275,false,false
140051070,FUN_140051070,117,false,false
1400510e8,FUN_1400510e8,514,false,false
1400512f4,FUN_1400512f4,193,false,false
1400513b8,FUN_1400513b8,128,false,false
140051438,FUN_140051438,465,false,false
140051610,FUN_140051610,535,false,false
14005182c,FUN_14005182c,7902,false,false
14005370c,FUN_14005370c,1227,false,false
140053be8,FUN_140053be8,116,false,false
140053c5c,FUN_140053c5c,141,false,false
140053cec,FUN_140053cec,219,false,false
140053dc8,FUN_140053dc8,174,false,false
140053e78,FUN_140053e78,3,false,false
140053e7c,FUN_140053e7c,190,false,false
140053f3c,FUN_140053f3c,16,false,false
140053f4c,FUN_140053f4c,345,false,false
1400540a8,FUN_1400540a8,101,false,false
140054110,FUN_140054110,87,false,false
140054168,FUN_140054168,536,false,false
140054380,FUN_140054380,269,false,false
140054490,FUN_140054490,42,false,false
1400544bc,FUN_1400544bc,314,false,false
1400545f8,FUN_1400545f8,450,false,false
1400547bc,FUN_1400547bc,129,false,false
140054840,FUN_140054840,73,false,false
14005488c,FUN_14005488c,201,false,false
140054958,FUN_140054958,97,false,false
1400549bc,FUN_1400549bc,147,false,false
140054a50,FUN_140054a50,99,false,false
140054ab4,FUN_140054ab4,99,false,false
140054b18,FUN_140054b18,112,false,false
140054b88,FUN_140054b88,47,false,false
140054bb8,FUN_140054bb8,1967,false,false
140055368,FUN_140055368,144,false,false
1400553f8,FUN_1400553f8,225,false,false
1400554dc,FUN_1400554dc,4927,false,false
14005681c,FUN_14005681c,2254,false,false
1400570ec,FUN_1400570ec,584,false,false
140057334,FUN_140057334,712,false,false
1400575fc,FUN_1400575fc,47,false,false
14005762c,FUN_14005762c,737,false,false
140057910,FUN_140057910,47,false,false
140057940,FUN_140057940,574,false,false
140057b80,FUN_140057b80,484,false,false
140057d64,FUN_140057d64,2454,false,false
1400586fc,FUN_1400586fc,47,false,false
14005872c,FUN_14005872c,367,false,false
14005889c,FUN_14005889c,582,false,false
140058ae4,FUN_140058ae4,7220,false,false
14005a718,FUN_14005a718,995,false,false
14005aafc,FUN_14005aafc,1311,false,false
14005b01c,FUN_14005b01c,12,false,false
14005b028,FUN_14005b028,41,false,false
14005b054,FUN_14005b054,38,false,false
14005b07c,FUN_14005b07c,57,false,false
14005b0b8,FUN_14005b0b8,25,false,false
14005b0d4,FUN_14005b0d4,46,false,false
14005b104,FUN_14005b104,46,false,false
14005b134,FUN_14005b134,30,false,false
14005b154,FUN_14005b154,48,false,false
14005b184,FUN_14005b184,34,false,false
14005b1a8,FUN_14005b1a8,116,false,false
14005b21c,FUN_14005b21c,10,false,false
14005b228,FUN_14005b228,70,false,false
14005b270,FUN_14005b270,77,false,false
14005b2c0,FUN_14005b2c0,178,false,false
14005b374,FUN_14005b374,44,false,false
14005b3a0,FUN_14005b3a0,68,false,false
14005b3e4,FUN_14005b3e4,163,false,false
14005b488,FUN_14005b488,12,false,false
14005b494,FUN_14005b494,172,false,false
14005b540,FUN_14005b540,364,false,false
14005b6ac,FUN_14005b6ac,91,false,false
14005b708,FUN_14005b708,116,false,false
14005b77c,FUN_14005b77c,94,false,false
14005b7dc,FUN_14005b7dc,11,false,false
14005b7e8,FUN_14005b7e8,88,false,false
14005b840,thunk_FUN_14005b7e8,5,true,false
14005b848,FUN_14005b848,62,false,false
14005b888,FUN_14005b888,119,false,false
14005b900,FUN_14005b900,159,false,false
14005b9a0,FUN_14005b9a0,37,false,false
14005b9c8,FUN_14005b9c8,161,false,false
14005ba6c,FUN_14005ba6c,68,false,false
14005bab0,FUN_14005bab0,186,false,false
14005bb6c,FUN_14005bb6c,69,false,false
14005bbb4,FUN_14005bbb4,115,false,false
14005bc28,FUN_14005bc28,31,false,false
14005bc48,FUN_14005bc48,20,false,false
14005bc5c,FUN_14005bc5c,24,false,false
14005bc74,FUN_14005bc74,33,false,false
14005bc98,FUN_14005bc98,49,false,false
14005bccc,FUN_14005bccc,45,false,false
14005bcfc,FUN_14005bcfc,362,false,false
14005be68,FUN_14005be68,289,false,false
14005bf8c,FUN_14005bf8c,724,false,false
14005c260,FUN_14005c260,306,false,false
14005c394,FUN_14005c394,329,false,false
14005c4e0,FUN_14005c4e0,191,false,false
14005c5a0,FUN_14005c5a0,123,false,false
14005c61c,FUN_14005c61c,88,false,false
14005c674,FUN_14005c674,34,false,false
14005c698,thunk_FUN_14005c6ab,2,true,false
14005c6ab,FUN_14005c6ab,10,false,false
14005c6b8,FUN_14005c6b8,115,false,false
14005c72c,FUN_14005c72c,92,false,false
14005c788,FUN_14005c788,58,false,false
14005c7c4,FUN_14005c7c4,59,false,false
14005c800,FUN_14005c800,39,false,false
14005c828,FUN_14005c828,112,false,false
14005c898,FUN_14005c898,106,false,false
14005c904,FUN_14005c904,85,false,false
14005c95c,FUN_14005c95c,26,false,false
14005c978,FUN_14005c978,607,false,false
14005cbd8,FUN_14005cbd8,44,false,false
14005cc04,FUN_14005cc04,70,false,false
14005cc4c,FUN_14005cc4c,97,false,false
14005ccb0,FUN_14005ccb0,337,false,false
14005ce04,FUN_14005ce04,232,false,false
14005ceec,FUN_14005ceec,78,false,false
14005cf3c,FUN_14005cf3c,129,false,false
14005cfc0,FUN_14005cfc0,13,false,false
14005cfd0,FUN_14005cfd0,723,false,false
14005d2a4,FUN_14005d2a4,102,false,false
14005d30c,FUN_14005d30c,132,false,false
14005d390,FUN_14005d390,292,false,false
14005d4b4,FUN_14005d4b4,48,false,false
14005d4e4,FUN_14005d4e4,78,false,false
14005d534,FUN_14005d534,34,false,false
14005d558,FUN_14005d558,131,false,false
14005d5dc,FUN_14005d5dc,35,false,false
14005d600,FUN_14005d600,68,false,false
14005d644,FUN_14005d644,79,false,false
14005d694,FUN_14005d694,39,false,false
14005d6bc,FUN_14005d6bc,60,false,false
14005d6f8,FUN_14005d6f8,117,false,false
14005d770,FUN_14005d770,120,false,false
14005d7e8,FUN_14005d7e8,84,false,false
14005d83c,FUN_14005d83c,64,false,false
14005d87c,FUN_14005d87c,64,false,false
14005d8bc,FUN_14005d8bc,120,false,false
14005d934,FUN_14005d934,52,false,false
14005d968,FUN_14005d968,63,false,false
14005d9a8,FUN_14005d9a8,333,false,false
14005daf8,FUN_14005daf8,159,false,false
14005db98,FUN_14005db98,811,false,false
14005dec4,FUN_14005dec4,16,false,false
14005ded4,FUN_14005ded4,157,false,false
14005df74,FUN_14005df74,118,false,false
14005dff4,FUN_14005dff4,49,false,false
14005e028,FUN_14005e028,35,false,false
14005e04c,FUN_14005e04c,83,false,false
14005e0a0,FUN_14005e0a0,62,false,false
14005e0e0,FUN_14005e0e0,184,false,false
14005e198,FUN_14005e198,108,false,false
14005e204,FUN_14005e204,78,false,false
14005e254,FUN_14005e254,188,false,false
14005e310,FUN_14005e310,90,false,false
14005e36c,FUN_14005e36c,64,false,false
14005e3ac,FUN_14005e3ac,253,false,false
14005e4ac,FUN_14005e4ac,82,false,false
14005e500,FUN_14005e500,28,false,false
14005e51c,FUN_14005e51c,253,false,false
14005e61c,FUN_14005e61c,446,false,false
14005e7dc,FUN_14005e7dc,48,false,false
14005e80c,FUN_14005e80c,219,false,false
14005e8e8,FUN_14005e8e8,145,false,false
14005e97c,FUN_14005e97c,45,false,false
14005e9ac,FUN_14005e9ac,173,false,false
14005ea5c,FUN_14005ea5c,290,false,false
14005eb80,FUN_14005eb80,494,false,false
14005ed70,FUN_14005ed70,181,false,false
14005ee28,FUN_14005ee28,212,false,false
14005eefc,FUN_14005eefc,173,false,false
14005efac,FUN_14005efac,426,false,false
14005f158,FUN_14005f158,85,false,false
14005f1b0,FUN_14005f1b0,177,false,false
14005f264,FUN_14005f264,74,false,false
14005f2b0,FUN_14005f2b0,37,false,false
14005f2d8,FUN_14005f2d8,67,false,false
14005f33c,FUN_14005f33c,128,false,false
14005f3bc,FUN_14005f3bc,88,false,false
14005f414,FUN_14005f414,68,false,false
14005f458,FUN_14005f458,435,false,false
14005f60c,FUN_14005f60c,322,false,false
14005f750,FUN_14005f750,154,false,false
14005f7ec,FUN_14005f7ec,124,false,false
14005f868,FUN_14005f868,154,false,false
14005f904,FUN_14005f904,103,false,false
14005f96c,FUN_14005f96c,130,false,false
14005f9f0,FUN_14005f9f0,482,false,false
14005fbd4,FUN_14005fbd4,186,false,false
14005fc90,FUN_14005fc90,233,false,false
14005fd7c,FUN_14005fd7c,181,false,false
14005fe34,FUN_14005fe34,119,false,false
14005feac,FUN_14005feac,130,false,false
14005ff30,FUN_14005ff30,175,false,false
14005ffe0,FUN_14005ffe0,30,false,false
140060000,FUN_140060000,106,false,false
14006006c,FUN_14006006c,26,false,false
140060088,FUN_140060088,112,false,false
1400600f8,FUN_1400600f8,39,false,false
140060120,FUN_140060120,93,false,false
140060180,FUN_140060180,54,false,false
1400601b8,FUN_1400601b8,82,false,false
14006020c,FUN_14006020c,56,false,false
140060244,FUN_140060244,73,false,false
140060290,FUN_140060290,93,false,false
1400602f0,FUN_1400602f0,247,false,false
1400603e8,FUN_1400603e8,66,false,false
14006042c,FUN_14006042c,47,false,false
14006045c,FUN_14006045c,81,false,false
1400604b0,FUN_1400604b0,333,false,false
140060600,FUN_140060600,97,false,false
140060664,thunk_FUN_14006068e,2,true,false
14006068e,FUN_14006068e,48,false,false
140060698,FUN_140060698,126,false,false
140060718,FUN_140060718,138,false,false
1400607a4,FUN_1400607a4,142,false,false
140060834,FUN_140060834,60,false,false
140060870,FUN_140060870,153,false,false
14006090c,FUN_14006090c,57,false,false
140060948,FUN_140060948,65,false,false
14006098c,FUN_14006098c,221,false,false
140060a74,FUN_140060a74,31,false,false
140060a94,FUN_140060a94,143,false,false
140060b24,FUN_140060b24,55,false,false
140060b5c,FUN_140060b5c,330,false,false
140060ca8,FUN_140060ca8,210,false,false
140060d7c,FUN_140060d7c,137,false,false
140060e08,FUN_140060e08,213,false,false
140060ee0,FUN_140060ee0,134,false,false
140060f68,FUN_140060f68,104,false,false
140060fd0,FUN_140060fd0,78,false,false
140061020,FUN_140061020,78,false,false
140061070,FUN_140061070,185,false,false
14006112c,FUN_14006112c,216,false,false
140061204,FUN_140061204,43,false,false
140061230,FUN_140061230,50,false,false
140061264,FUN_140061264,102,false,false
1400612cc,FUN_1400612cc,302,false,false
1400613fc,FUN_1400613fc,116,false,false
140061470,FUN_140061470,149,false,false
140061508,FUN_140061508,99,false,false
14006156c,FUN_14006156c,46,false,false
14006159c,FUN_14006159c,357,false,false
140061704,FUN_140061704,124,false,false
140061780,FUN_140061780,165,false,false
140061828,FUN_140061828,206,false,false
1400618f8,FUN_1400618f8,26,false,false
140061914,FUN_140061914,273,false,false
140061a28,FUN_140061a28,12,false,false
140061a34,FUN_140061a34,14,false,false
140061a44,FUN_140061a44,228,false,false
140061b28,FUN_140061b28,203,false,false
140061bf4,FUN_140061bf4,77,false,false
140061c44,FUN_140061c44,358,false,false
140061dac,FUN_140061dac,233,false,false
140061e98,FUN_140061e98,356,false,false
140061ffc,FUN_140061ffc,117,false,false
140062074,FUN_140062074,44,false,false
1400620a0,FUN_1400620a0,83,false,false
1400620f4,FUN_1400620f4,72,false,false
14006213c,FUN_14006213c,339,false,false
140062290,FUN_140062290,969,false,false
14006265c,FUN_14006265c,597,false,false
1400628b4,FUN_1400628b4,74,false,false
140062900,FUN_140062900,78,false,false
140062950,FUN_140062950,29,false,false
140062970,FUN_140062970,34,false,false
140062994,FUN_140062994,36,false,false
1400629b8,FUN_1400629b8,113,false,false
140062a2c,FUN_140062a2c,45,false,false
140062a5c,FUN_140062a5c,365,false,false
140062bcc,FUN_140062bcc,16,false,false
140062bdc,FUN_140062bdc,677,false,false
140062e84,FUN_140062e84,68,false,false
140062ec8,FUN_140062ec8,172,false,false
140062f74,FUN_140062f74,34,false,false
140062f98,FUN_140062f98,44,false,false
140062fc4,FUN_140062fc4,156,false,false
140063060,FUN_140063060,4,false,false
140063064,thunk_FUN_140062f98,5,true,false
14006306c,FUN_14006306c,98,false,false
1400630d0,FUN_1400630d0,71,false,false
140063118,FUN_140063118,266,false,false
140063224,FUN_140063224,179,false,false
1400632d8,FUN_1400632d8,108,false,false
140063344,FUN_140063344,100,false,false
1400633a8,FUN_1400633a8,122,false,false
140063424,FUN_140063424,53,false,false
14006345c,FUN_14006345c,119,false,false
1400634d4,FUN_1400634d4,133,false,false
14006355c,FUN_14006355c,194,false,false
140063620,FUN_140063620,113,false,false
140063694,FUN_140063694,139,false,false
140063720,FUN_140063720,57,false,false
14006375c,FUN_14006375c,126,false,false
1400637dc,FUN_1400637dc,171,false,false
140063888,FUN_140063888,109,false,false
1400638f8,FUN_1400638f8,128,false,false
140063978,FUN_140063978,119,false,false
1400639f0,FUN_1400639f0,121,false,false
140063a6c,FUN_140063a6c,146,false,false
140063b00,FUN_140063b00,98,false,false
140063b64,FUN_140063b64,132,false,false
140063be8,FUN_140063be8,109,false,false
140063c70,FUN_140063c70,88,false,false
140063cc8,FUN_140063cc8,32,false,false
140063d00,FUN_140063d00,72,false,false
140063d48,FUN_140063d48,25,false,false
140063d64,FUN_140063d64,22,false,false
140063d7c,FUN_140063d7c,342,false,false
140063ed4,FUN_140063ed4,281,false,false
140063ff0,FUN_140063ff0,281,false,false
14006410c,FUN_14006410c,199,false,false
1400641d4,FUN_1400641d4,161,false,false
140064278,FUN_140064278,175,false,false
140064328,FUN_140064328,171,false,false
1400643d4,FUN_1400643d4,242,false,false
1400644c8,FUN_1400644c8,211,false,false
14006459c,FUN_14006459c,246,false,false
140064694,FUN_140064694,862,false,false
1400649f4,FUN_1400649f4,61,false,false
140064a34,FUN_140064a34,83,false,false
140064a88,FUN_140064a88,47,false,false
140064ab8,FUN_140064ab8,191,false,false
140064b78,FUN_140064b78,182,false,false
140064c30,thunk_FUN_140064b78,5,true,false
140064c38,FUN_140064c38,1288,false,false
140065140,FUN_140065140,1827,false,false
140065864,FUN_140065864,21,false,false
14006587c,FUN_14006587c,902,false,false
140065c04,FUN_140065c04,760,false,false
140065efc,FUN_140065efc,342,false,false
140066054,FUN_140066054,86,false,false
1400660ac,FUN_1400660ac,99,false,false
140066110,FUN_140066110,55,false,false
140066148,FUN_140066148,61,false,false
140066188,FUN_140066188,92,false,false
1400661e4,FUN_1400661e4,61,false,false
140066224,FUN_140066224,128,false,false
1400662a4,FUN_1400662a4,408,false,false
14006643c,FUN_14006643c,160,false,false
1400664dc,FUN_1400664dc,181,false,false
140066594,FUN_140066594,222,false,false
140066674,FUN_140066674,428,false,false
140066820,FUN_140066820,22,false,false
140066838,FUN_140066838,22,false,false
140066850,FUN_140066850,87,false,false
1400668a8,FUN_1400668a8,67,false,false
1400668ec,FUN_1400668ec,65,false,false
140066930,FUN_140066930,69,false,false
140066978,FUN_140066978,73,false,false
1400669c4,FUN_1400669c4,73,false,false
140066a10,FUN_140066a10,193,false,false
140066ad4,FUN_140066ad4,579,false,false
140066d18,FUN_140066d18,262,false,false
140066e20,FUN_140066e20,138,false,false
140066eac,FUN_140066eac,181,false,false
140066f64,FUN_140066f64,214,false,false
14006703c,FUN_14006703c,571,false,false
140067278,FUN_140067278,831,false,false
1400675b8,FUN_1400675b8,145,false,false
14006764c,FUN_14006764c,151,false,false
1400676e4,FUN_1400676e4,99,false,false
140067748,FUN_140067748,104,false,false
1400677b0,FUN_1400677b0,320,false,false
1400678f0,FUN_1400678f0,190,false,false
1400679b0,FUN_1400679b0,43,false,false
1400679dc,FUN_1400679dc,36,false,false
140067a00,FUN_140067a00,338,false,false
140067b54,FUN_140067b54,34,false,false
140067b78,FUN_140067b78,377,false,false
140067cf4,FUN_140067cf4,41,false,false
140067d20,FUN_140067d20,52,false,false
140067d54,FUN_140067d54,214,false,false
140067e2c,FUN_140067e2c,92,false,false
140067e88,FUN_140067e88,95,false,false
140067ee8,FUN_140067ee8,168,false,false
140067f90,FUN_140067f90,161,false,false
140068034,FUN_140068034,254,false,false
140068134,FUN_140068134,181,false,false
1400681ec,FUN_1400681ec,194,false,false
1400682b0,FUN_1400682b0,397,false,false
140068440,FUN_140068440,92,false,false
14006849c,FUN_14006849c,94,false,false
1400684fc,FUN_1400684fc,89,false,false
140068558,FUN_140068558,33,false,false
14006857c,FUN_14006857c,117,false,false
1400685f4,FUN_1400685f4,569,false,false
140068880,FUN_140068880,95,false,false
1400688e0,FUN_1400688e0,164,false,false
140068984,FUN_140068984,637,false,false
140068c04,FUN_140068c04,161,false,false
140068ca8,FUN_140068ca8,71,false,false
140068cf0,FUN_140068cf0,585,false,false
140068f3c,FUN_140068f3c,261,false,false
140069044,FUN_140069044,121,false,false
1400690c0,FUN_1400690c0,342,false,false
140069218,FUN_140069218,34,false,false
14006923c,FUN_14006923c,153,false,false
1400692d8,FUN_1400692d8,58,false,false
140069314,FUN_140069314,172,false,false
1400693c0,FUN_1400693c0,161,false,false
140069464,FUN_140069464,280,false,false
14006957c,FUN_14006957c,43,false,false
1400695a8,FUN_1400695a8,348,false,false
140069704,FUN_140069704,356,false,false
140069868,FUN_140069868,440,false,false
140069a20,FUN_140069a20,328,false,false
140069b68,FUN_140069b68,112,false,false
140069bd8,FUN_140069bd8,259,false,false
140069cdc,FUN_140069cdc,58,false,false
140069d18,FUN_140069d18,2597,false,false
14006a740,FUN_14006a740,179,false,false
14006a7f4,FUN_14006a7f4,38,false,false
14006a81c,FUN_14006a81c,165,false,false
14006a8c4,FUN_14006a8c4,471,false,false
14006aa9c,FUN_14006aa9c,282,false,false
14006abb8,FUN_14006abb8,253,false,false
14006acb8,FUN_14006acb8,44,false,false
14006ace4,FUN_14006ace4,181,false,false
14006ad9c,FUN_14006ad9c,99,false,false
14006ae00,FUN_14006ae00,367,false,false
14006af70,FUN_14006af70,630,false,false
14006b1e8,FUN_14006b1e8,105,false,false
14006b254,FUN_14006b254,448,false,false
14006b414,FUN_14006b414,623,false,false
14006b684,FUN_14006b684,100,false,false
14006b6e8,FUN_14006b6e8,262,false,false
14006b7f0,FUN_14006b7f0,265,false,false
14006b8fc,FUN_14006b8fc,37,false,false
14006b924,FUN_14006b924,201,false,false
14006b9f0,FUN_14006b9f0,521,false,false
14006bbfc,FUN_14006bbfc,909,false,false
14006bf8c,FUN_14006bf8c,99,false,false
14006bff0,FUN_14006bff0,985,false,false
14006c3cc,FUN_14006c3cc,99,false,false
14006c430,FUN_14006c430,104,false,false
14006c498,FUN_14006c498,47,false,false
14006c4c8,FUN_14006c4c8,150,false,false
14006c560,FUN_14006c560,229,false,false
14006c648,FUN_14006c648,125,false,false
14006c6c8,FUN_14006c6c8,47,false,false
14006c6f8,FUN_14006c6f8,218,false,false
14006c7d4,FUN_14006c7d4,702,false,false
14006ca94,FUN_14006ca94,91,false,false
14006caf0,FUN_14006caf0,148,false,false
14006cb84,FUN_14006cb84,35,false,false
14006cba8,FUN_14006cba8,199,false,false
14006cc70,FUN_14006cc70,98,false,false
14006ccd4,FUN_14006ccd4,355,false,false
14006ce38,FUN_14006ce38,336,false,false
14006cf88,FUN_14006cf88,2048,false,false
14006d788,FUN_14006d788,95,false,false
14006d7e8,FUN_14006d7e8,150,false,false
14006d880,FUN_14006d880,169,false,false
14006d92c,FUN_14006d92c,163,false,false
14006d9d0,FUN_14006d9d0,931,false,false
14006dd74,FUN_14006dd74,699,false,false
14006e030,FUN_14006e030,313,false,false
14006e16c,FUN_14006e16c,201,false,false
14006e238,FUN_14006e238,361,false,false
14006e3a4,FUN_14006e3a4,336,false,false
14006e4f4,FUN_14006e4f4,146,false,false
14006e588,FUN_14006e588,317,false,false
14006e6c8,FUN_14006e6c8,129,false,false
14006e74c,FUN_14006e74c,343,false,false
14006e8a4,FUN_14006e8a4,78,false,false
14006e8f4,FUN_14006e8f4,439,false,false
14006eaac,FUN_14006eaac,844,false,false
14006edf8,FUN_14006edf8,2372,false,false
14006f73c,FUN_14006f73c,326,false,false
14006f884,FUN_14006f884,131,false,false
14006f908,FUN_14006f908,317,false,false
14006fa48,FUN_14006fa48,514,false,false
14006fc4c,FUN_14006fc4c,104,false,false
14006fcb4,FUN_14006fcb4,104,false,false
14006fd1c,FUN_14006fd1c,285,false,false
14006fe3c,FUN_14006fe3c,179,false,false
14006fef0,FUN_14006fef0,236,false,false
14006ffdc,FUN_14006ffdc,102,false,false
140070044,FUN_140070044,125,false,false
1400700c4,FUN_1400700c4,142,false,false
140070154,FUN_140070154,127,false,false
1400701d4,FUN_1400701d4,36,false,false
1400701f8,FUN_1400701f8,36,false,false
14007021c,thunk_FUN_1400f42c4,5,true,false
140070224,FUN_140070224,36,false,false
140070248,FUN_140070248,36,false,false
14007026c,FUN_14007026c,38,false,false
140070294,FUN_140070294,27,false,false
1400702b0,FUN_1400702b0,35,false,false
1400702d4,FUN_1400702d4,27,false,false
1400702f0,FUN_1400702f0,31,false,false
140070310,FUN_140070310,29,false,false
140070330,FUN_140070330,27,false,false
14007034c,FUN_14007034c,74,false,false
140070398,FUN_140070398,74,false,false
1400703e4,FUN_1400703e4,9,false,false
1400703f0,FUN_1400703f0,47,false,false
140070420,FUN_140070420,47,false,false
140070450,FUN_140070450,236,false,false
14007053c,FUN_14007053c,62,false,false
14007057c,FUN_14007057c,47,false,false
1400705ac,FUN_1400705ac,264,false,false
1400706b4,FUN_1400706b4,92,false,false
140070710,FUN_140070710,1685,false,false
140070da8,FUN_140070da8,2630,false,false
1400717f0,FUN_1400717f0,760,false,false
140071ae8,FUN_140071ae8,535,false,false
140071d00,FUN_140071d00,398,false,false
140071e90,FUN_140071e90,2141,false,false
1400726f0,FUN_1400726f0,211,false,false
1400727c4,FUN_1400727c4,79,false,false
140072814,FUN_140072814,264,false,false
14007291c,thunk_FUN_140072814,5,true,false
140072924,FUN_140072924,924,false,false
140072cc0,FUN_140072cc0,203,false,false
140072d8c,FUN_140072d8c,264,false,false
140072e94,FUN_140072e94,834,false,false
1400731d8,FUN_1400731d8,778,false,false
1400734e4,FUN_1400734e4,1002,false,false
1400738d0,FUN_1400738d0,100,false,false
140073934,FUN_140073934,804,false,false
140073c58,FUN_140073c58,115,false,false
140073ccc,FUN_140073ccc,879,false,false
14007403c,FUN_14007403c,1021,false,false
14007443c,FUN_14007443c,149,false,false
1400744d4,FUN_1400744d4,241,false,false
1400745c8,FUN_1400745c8,232,false,false
1400746b0,FUN_1400746b0,153,false,false
14007474c,FUN_14007474c,236,false,false
140074838,FUN_140074838,52,false,false
14007486c,FUN_14007486c,52,false,false
1400748a0,FUN_1400748a0,878,false,false
140074c10,FUN_140074c10,78,false,false
140074c60,FUN_140074c60,502,false,false
140074e58,FUN_140074e58,186,false,false
140074f14,FUN_140074f14,562,false,false
140075148,FUN_140075148,343,false,false
1400752a0,FUN_1400752a0,903,false,false
140075628,FUN_140075628,543,false,false
140075848,FUN_140075848,697,false,false
140075b04,FUN_140075b04,375,false,false
140075c7c,FUN_140075c7c,797,false,false
140075f9c,FUN_140075f9c,423,false,false
140076144,FUN_140076144,1038,false,false
140076554,FUN_140076554,1553,false,false
140076b68,FUN_140076b68,32,false,false
140076b88,FUN_140076b88,1541,false,false
140077190,FUN_140077190,188,false,false
14007724c,FUN_14007724c,268,false,false
140077358,FUN_140077358,160,false,false
1400773f8,FUN_1400773f8,2083,false,false
140077c1c,FUN_140077c1c,555,false,false
140077e48,FUN_140077e48,328,false,false
140077f90,FUN_140077f90,38,false,false
140077fb8,FUN_140077fb8,321,false,false
1400780fc,FUN_1400780fc,567,false,false
140078334,FUN_140078334,209,false,false
140078408,FUN_140078408,268,false,false
140078514,FUN_140078514,669,false,false
1400787b4,FUN_1400787b4,1076,false,false
140078be8,FUN_140078be8,125,false,false
140078c68,FUN_140078c68,290,false,false
140078d8c,FUN_140078d8c,259,false,false
140078e90,FUN_140078e90,109,false,false
140078f00,FUN_140078f00,1524,false,false
1400794f4,FUN_1400794f4,47,false,false
140079524,FUN_140079524,399,false,false
1400796b4,FUN_1400796b4,47,false,false
1400796e4,FUN_1400796e4,668,false,false
140079980,FUN_140079980,109,false,false
1400799f0,FUN_1400799f0,152,false,false
140079a88,FUN_140079a88,504,false,false
140079c80,FUN_140079c80,117,false,false
140079cf8,FUN_140079cf8,313,false,false
140079e34,FUN_140079e34,284,false,false
140079f50,FUN_140079f50,286,false,false
14007a070,FUN_14007a070,436,false,false
14007a224,FUN_14007a224,2982,false,false
14007adcc,FUN_14007adcc,401,false,false
14007af60,FUN_14007af60,3654,false,false
14007bda8,FUN_14007bda8,411,false,false
14007bf44,FUN_14007bf44,52,false,false
14007bf78,FUN_14007bf78,295,false,false
14007c0a0,FUN_14007c0a0,1345,false,false
14007c5e4,FUN_14007c5e4,331,false,false
14007c730,FUN_14007c730,187,false,false
14007c7ec,FUN_14007c7ec,160,false,false
14007c88c,FUN_14007c88c,911,false,false
14007cc1c,FUN_14007cc1c,774,false,false
14007cf24,FUN_14007cf24,47,false,false
14007cf54,FUN_14007cf54,47,false,false
14007cf84,FUN_14007cf84,47,false,false
14007cfb4,FUN_14007cfb4,245,false,false
14007d0ac,FUN_14007d0ac,279,false,false
14007d1c4,FUN_14007d1c4,184,false,false
14007d27c,FUN_14007d27c,193,false,false
14007d340,FUN_14007d340,269,false,false
14007d450,FUN_14007d450,1156,false,false
14007d8d4,FUN_14007d8d4,666,false,false
14007db70,FUN_14007db70,646,false,false
14007ddf8,FUN_14007ddf8,83,false,false
14007de4c,FUN_14007de4c,36,false,false
14007de70,FUN_14007de70,227,false,false
14007df54,FUN_14007df54,60,false,false
14007df90,FUN_14007df90,139,false,false
14007e01c,FUN_14007e01c,318,false,false
14007e15c,FUN_14007e15c,493,false,false
14007e34c,FUN_14007e34c,87,false,false
14007e3a4,FUN_14007e3a4,3070,false,false
14007efa4,FUN_14007efa4,113,false,false
14007f018,FUN_14007f018,95,false,false
14007f078,FUN_14007f078,1644,false,false
14007f6e4,FUN_14007f6e4,127,false,false
14007f764,FUN_14007f764,664,false,false
14007f9fc,FUN_14007f9fc,539,false,false
14007fc18,FUN_14007fc18,188,false,false
14007fcd4,FUN_14007fcd4,357,false,false
14007fe3c,FUN_14007fe3c,2043,false,false
140080638,FUN_140080638,407,false,false
1400807d0,FUN_1400807d0,577,false,false
140080a14,FUN_140080a14,246,false,false
140080b0c,FUN_140080b0c,307,false,false
140080c40,FUN_140080c40,188,false,false
140080cfc,FUN_140080cfc,1339,false,false
140081238,FUN_140081238,826,false,false
140081574,FUN_140081574,1968,false,false
140081d24,FUN_140081d24,634,false,false
140081fa0,FUN_140081fa0,1191,false,false
140082448,FUN_140082448,214,false,false
140082520,FUN_140082520,1052,false,false
14008293c,FUN_14008293c,278,false,false
140082a54,FUN_140082a54,2080,false,false
140083274,FUN_140083274,2002,false,false
140083a48,FUN_140083a48,427,false,false
140083bf4,FUN_140083bf4,896,false,false
140083f74,FUN_140083f74,919,false,false
14008430c,FUN_14008430c,919,false,false
1400846a4,FUN_1400846a4,950,false,false
140084a5c,FUN_140084a5c,3133,false,false
14008569c,FUN_14008569c,326,false,false
1400857e4,FUN_1400857e4,95,false,false
140085844,FUN_140085844,126,false,false
1400858c4,FUN_1400858c4,4222,false,false
140086944,FUN_140086944,3401,false,false
140087690,FUN_140087690,3183,false,false
140088300,FUN_140088300,10567,false,false
14008ac48,FUN_14008ac48,1784,false,false
14008b340,FUN_14008b340,1248,false,false
14008b820,FUN_14008b820,621,false,false
14008ba90,FUN_14008ba90,577,false,false
14008bcd4,FUN_14008bcd4,4904,false,false
14008cffc,FUN_14008cffc,29895,false,false
1400944c4,FUN_1400944c4,1855,false,false
140094c04,FUN_140094c04,1395,false,false
140095178,FUN_140095178,5581,false,false
140096748,FUN_140096748,312,false,false
140096880,FUN_140096880,339,false,false
1400969d4,FUN_1400969d4,1453,false,false
140096f84,FUN_140096f84,460,false,false
140097150,FUN_140097150,1473,false,false
140097714,FUN_140097714,1372,false,false
140097c70,FUN_140097c70,2937,false,false
1400987ec,FUN_1400987ec,5930,false,false
140099f18,FUN_140099f18,7183,false,false
14009bb28,FUN_14009bb28,147,false,false
14009bbbc,FUN_14009bbbc,2443,false,false
14009c548,FUN_14009c548,401,false,false
14009c6dc,FUN_14009c6dc,66,false,false
14009c720,FUN_14009c720,937,false,false
14009cacc,FUN_14009cacc,849,false,false
14009ce20,FUN_14009ce20,409,false,false
14009cfbc,FUN_14009cfbc,284,false,false
14009d0d8,FUN_14009d0d8,215,false,false
14009d1b0,FUN_14009d1b0,775,false,false
14009d4b8,FUN_14009d4b8,1325,false,false
14009d9e8,FUN_14009d9e8,107,false,false
14009da54,FUN_14009da54,5660,false,false
14009f070,FUN_14009f070,4921,false,false
1400a03ac,FUN_1400a03ac,663,false,false
1400a0644,FUN_1400a0644,511,false,false
1400a0844,FUN_1400a0844,503,false,false
1400a0a3c,FUN_1400a0a3c,762,false,false
1400a0d38,FUN_1400a0d38,3070,false,false
1400a1938,FUN_1400a1938,2645,false,false
1400a2390,FUN_1400a2390,3966,false,false
1400a3310,FUN_1400a3310,3063,false,false
1400a3f08,FUN_1400a3f08,279,false,false
1400a4020,FUN_1400a4020,197,false,false
1400a40e8,FUN_1400a40e8,274,false,false
1400a41fc,FUN_1400a41fc,292,false,false
1400a4320,FUN_1400a4320,48,false,false
1400a4350,FUN_1400a4350,115,false,false
1400a43c4,FUN_1400a43c4,154,false,false
1400a4460,FUN_1400a4460,163,false,false
1400a4504,FUN_1400a4504,2247,false,false
1400a4dcc,FUN_1400a4dcc,1560,false,false
1400a53e4,FUN_1400a53e4,2456,false,false
1400a5d7c,FUN_1400a5d7c,240,false,false
1400a5e6c,FUN_1400a5e6c,415,false,false
1400a600c,FUN_1400a600c,1566,false,false
1400a662c,FUN_1400a662c,582,false,false
1400a6874,FUN_1400a6874,7664,false,false
1400a8664,FUN_1400a8664,758,false,false
1400a895c,FUN_1400a895c,210,false,false
1400a8a30,FUN_1400a8a30,3053,false,false
1400a9620,FUN_1400a9620,47,false,false
1400a9650,FUN_1400a9650,146,false,false
1400a96e4,FUN_1400a96e4,229,false,false
1400a97cc,FUN_1400a97cc,696,false,false
1400a9a84,FUN_1400a9a84,36,false,false
1400a9aa8,FUN_1400a9aa8,405,false,false
1400a9c40,FUN_1400a9c40,116,false,false
1400a9cb4,FUN_1400a9cb4,47,false,false
1400a9ce4,FUN_1400a9ce4,941,false,false
1400aa094,FUN_1400aa094,104,false,false
1400aa0fc,FUN_1400aa0fc,47,false,false
1400aa12c,FUN_1400aa12c,24,false,false
1400aa144,FUN_1400aa144,437,false,false
1400aa2fc,FUN_1400aa2fc,104,false,false
1400aa364,FUN_1400aa364,47,false,false
1400aa394,FUN_1400aa394,238,false,false
1400aa484,FUN_1400aa484,135,false,false
1400aa50c,FUN_1400aa50c,47,false,false
1400aa53c,FUN_1400aa53c,294,false,false
1400aa664,FUN_1400aa664,383,false,false
1400aa7e4,FUN_1400aa7e4,270,false,false
1400aa8f4,FUN_1400aa8f4,341,false,false
1400aaa4c,FUN_1400aaa4c,281,false,false
1400aab68,FUN_1400aab68,47,false,false
1400aab98,FUN_1400aab98,1191,false,false
1400ab040,FUN_1400ab040,1243,false,false
1400ab51c,FUN_1400ab51c,517,false,false
1400ab724,FUN_1400ab724,1357,false,false
1400abc74,FUN_1400abc74,1055,false,false
1400ac094,FUN_1400ac094,3322,false,false
1400acd90,FUN_1400acd90,6498,false,false
1400ae6f4,FUN_1400ae6f4,1846,false,false
1400aee2c,FUN_1400aee2c,5271,false,false
1400b02c4,FUN_1400b02c4,185,false,false
1400b0380,FUN_1400b0380,115,false,false
1400b03f4,FUN_1400b03f4,1066,false,false
1400b0820,FUN_1400b0820,982,false,false
1400b0bf8,FUN_1400b0bf8,2859,false,false
1400b1724,FUN_1400b1724,1733,false,false
1400b1dec,FUN_1400b1dec,326,false,false
1400b1f34,FUN_1400b1f34,737,false,false
1400b2218,FUN_1400b2218,85,false,false
1400b2270,FUN_1400b2270,2010,false,false
1400b2a4c,FUN_1400b2a4c,278,false,false
1400b2b64,FUN_1400b2b64,322,false,false
1400b2ca8,FUN_1400b2ca8,4193,false,false
1400b3d0c,FUN_1400b3d0c,2291,false,false
1400b4600,FUN_1400b4600,735,false,false
1400b48e0,FUN_1400b48e0,630,false,false
1400b4b58,FUN_1400b4b58,1414,false,false
1400b50e0,FUN_1400b50e0,469,false,false
1400b52b8,FUN_1400b52b8,977,false,false
1400b568c,FUN_1400b568c,1047,false,false
1400b5aa4,FUN_1400b5aa4,1394,false,false
1400b6018,FUN_1400b6018,551,false,false
1400b6240,FUN_1400b6240,330,false,false
1400b638c,FUN_1400b638c,2709,false,false
1400b6e24,FUN_1400b6e24,6970,false,false
1400b8960,FUN_1400b8960,121,false,false
1400b89dc,FUN_1400b89dc,139,false,false
1400b8a68,FUN_1400b8a68,1189,false,false
1400b8f10,FUN_1400b8f10,603,false,false
1400b916c,FUN_1400b916c,104,false,false
1400b91d4,FUN_1400b91d4,47,false,false
1400b9204,FUN_1400b9204,313,false,false
1400b9340,FUN_1400b9340,284,false,false
1400b945c,FUN_1400b945c,810,false,false
1400b9788,FUN_1400b9788,1939,false,false
1400b9f1c,FUN_1400b9f1c,1085,false,false
1400ba35c,FUN_1400ba35c,2965,false,false
1400baef4,FUN_1400baef4,2083,false,false
1400bb718,FUN_1400bb718,4933,false,false
1400bca60,FUN_1400bca60,381,false,false
1400bcbe0,FUN_1400bcbe0,124,false,false
1400bcc5c,FUN_1400bcc5c,1753,false,false
1400bd338,FUN_1400bd338,361,false,false
1400bd4a4,FUN_1400bd4a4,379,false,false
1400bd620,FUN_1400bd620,323,false,false
1400bd764,FUN_1400bd764,2054,false,false
1400bdf6c,FUN_1400bdf6c,1757,false,false
1400be64c,FUN_1400be64c,2325,false,false
1400bef64,FUN_1400bef64,260,false,false
1400bf068,FUN_1400bf068,751,false,false
1400bf358,FUN_1400bf358,6015,false,false
1400c0ad8,FUN_1400c0ad8,1318,false,false
1400c1000,FUN_1400c1000,192,false,false
1400c10c0,FUN_1400c10c0,210,false,false
1400c1194,FUN_1400c1194,41,false,false
1400c11c0,FUN_1400c11c0,52,false,false
1400c11f4,FUN_1400c11f4,261,false,false
1400c12fc,FUN_1400c12fc,252,false,false
1400c13f8,FUN_1400c13f8,8911,false,false
1400c36c8,FUN_1400c36c8,341,false,false
1400c3820,FUN_1400c3820,1153,false,false
1400c3ca4,FUN_1400c3ca4,83,false,false
1400c3cf8,FUN_1400c3cf8,1460,false,false
1400c42ac,FUN_1400c42ac,582,false,false
1400c44f4,FUN_1400c44f4,36,false,false
1400c4518,FUN_1400c4518,36,false,false
1400c453c,FUN_1400c453c,68,false,false
1400c4580,FUN_1400c4580,36,false,false
1400c45a4,FUN_1400c45a4,296,false,false
1400c46cc,FUN_1400c46cc,294,false,false
1400c47f4,FUN_1400c47f4,326,false,false
1400c493c,FUN_1400c493c,2499,false,false
1400c5300,FUN_1400c5300,1020,false,false
1400c56fc,FUN_1400c56fc,1194,false,false
1400c5ba8,FUN_1400c5ba8,1915,false,false
1400c6324,FUN_1400c6324,12745,false,false
1400c94f0,FUN_1400c94f0,1220,false,false
1400c99b4,FUN_1400c99b4,488,false,false
1400c9b9c,FUN_1400c9b9c,4603,false,false
1400cad98,thunk_FUN_1400c453c,5,true,false
1400cada0,FUN_1400cada0,74,false,false
1400cadec,FUN_1400cadec,395,false,false
1400caf78,FUN_1400caf78,2215,false,false
1400cb820,FUN_1400cb820,7047,false,false
1400cd3a8,FUN_1400cd3a8,12480,false,false
1400d0468,FUN_1400d0468,1731,false,false
1400d0b2c,FUN_1400d0b2c,318,false,false
1400d0c6c,FUN_1400d0c6c,8737,false,false
1400d2e90,FUN_1400d2e90,11447,false,false
1400d5b48,FUN_1400d5b48,5185,false,false
1400d6f8c,FUN_1400d6f8c,169,false,false
1400d7038,FUN_1400d7038,3243,false,false
1400d7ce4,FUN_1400d7ce4,2281,false,false
1400d85d0,FUN_1400d85d0,4125,false,false
1400d95f0,FUN_1400d95f0,552,false,false
1400d9818,FUN_1400d9818,7726,false,false
1400db648,FUN_1400db648,3525,false,false
1400dc410,FUN_1400dc410,1516,false,false
1400dc9fc,FUN_1400dc9fc,10854,false,false
1400df464,FUN_1400df464,1709,false,false
1400dfb14,FUN_1400dfb14,5907,false,false
1400e1228,FUN_1400e1228,8287,false,false
1400e3288,FUN_1400e3288,1403,false,false
1400e3804,LoadEnvi,1229,false,false
1400e3cd4,FUN_1400e3cd4,140,false,false
1400e3d60,FUN_1400e3d60,215,false,false
1400e3e38,FUN_1400e3e38,325,false,false
1400e3f80,FUN_1400e3f80,20,false,false
1400e3f94,FUN_1400e3f94,208,false,false
1400e4064,FUN_1400e4064,18,false,false
1400e4078,FUN_1400e4078,164,false,false
1400e411c,FUN_1400e411c,13,false,false
1400e412c,FUN_1400e412c,49,false,false
1400e4160,FUN_1400e4160,199,false,false
1400e4228,FUN_1400e4228,115,false,false
1400e429c,FUN_1400e429c,133,false,false
1400e4324,FUN_1400e4324,346,false,false
1400e4480,FUN_1400e4480,995,false,false
1400e4864,FUN_1400e4864,980,false,false
1400e4c38,FUN_1400e4c38,136,false,false
1400e4cc0,FUN_1400e4cc0,194,false,false
1400e4d84,FUN_1400e4d84,13,false,false
1400e4d94,FUN_1400e4d94,216,false,false
1400e4e6c,FUN_1400e4e6c,37,false,false
1400e4e94,FUN_1400e4e94,71,false,false
1400e4edc,FUN_1400e4edc,56,false,false
1400e4f14,FUN_1400e4f14,522,false,false
1400e5120,FUN_1400e5120,294,false,false
1400e5248,FUN_1400e5248,308,false,false
1400e537c,FUN_1400e537c,219,false,false
1400e5458,FUN_1400e5458,124,false,false
1400e54d4,FUN_1400e54d4,528,false,false
1400e56e4,FUN_1400e56e4,35,false,false
1400e5708,FUN_1400e5708,39,false,false
1400e5730,FUN_1400e5730,85,false,false
1400e5788,FUN_1400e5788,54,false,false
1400e57c0,FUN_1400e57c0,207,false,false
1400e5890,FUN_1400e5890,47,false,false
1400e58d8,FUN_1400e58d8,39,false,false
1400e5900,FUN_1400e5900,96,false,false
1400e5960,FUN_1400e5960,96,false,false
1400e59c0,FUN_1400e59c0,152,false,false
1400e5a58,FUN_1400e5a58,84,false,false
1400e5aac,FUN_1400e5aac,56,false,false
1400e5ae4,FUN_1400e5ae4,40,false,false
1400e5b0c,FUN_1400e5b0c,2006,false,false
1400e62e4,FUN_1400e62e4,45,false,false
1400e6314,FUN_1400e6314,59,false,false
1400e6350,FUN_1400e6350,117,false,false
1400e63c8,FUN_1400e63c8,144,false,false
1400e6458,FUN_1400e6458,49,false,false
1400e648c,FUN_1400e648c,229,false,false
1400e6574,FUN_1400e6574,349,false,false
1400e66d4,FUN_1400e66d4,187,false,false
1400e6790,FUN_1400e6790,87,false,false
1400e67e8,FUN_1400e67e8,119,false,false
1400e6860,FUN_1400e6860,127,false,false
1400e68e0,FUN_1400e68e0,89,false,false
1400e693c,FUN_1400e693c,35,false,false
1400e6960,FUN_1400e6960,76,false,false
1400e69ac,FUN_1400e69ac,782,false,false
1400e6cbc,FUN_1400e6cbc,58,false,false
1400e6cf8,FUN_1400e6cf8,62,false,false
1400e6d38,FUN_1400e6d38,46,false,false
1400e6d68,FUN_1400e6d68,12,false,false
1400e6d74,FUN_1400e6d74,12,false,false
1400e6d80,FUN_1400e6d80,52,false,false
1400e6db4,FUN_1400e6db4,50,false,false
1400e6de8,FUN_1400e6de8,304,false,false
1400e6f18,FUN_1400e6f18,159,false,false
1400e6fb8,FUN_1400e6fb8,179,false,false
1400e706c,FUN_1400e706c,44,false,false
1400e7098,FUN_1400e7098,38,false,false
1400e70c0,FUN_1400e70c0,52,false,false
1400e70f4,FUN_1400e70f4,45,false,false
1400e7124,FUN_1400e7124,750,false,false
1400e7414,FUN_1400e7414,392,false,false
1400e759c,FUN_1400e759c,47,false,false
1400e75cc,FUN_1400e75cc,149,false,false
1400e7664,FUN_1400e7664,243,false,false
1400e7758,FUN_1400e7758,230,false,false
1400e7840,FUN_1400e7840,338,false,false
1400e7994,FUN_1400e7994,962,false,false
1400e7d58,FUN_1400e7d58,2074,false,false
1400e8574,FUN_1400e8574,206,false,false
1400e8644,FUN_1400e8644,111,false,false
1400e86b4,FUN_1400e86b4,146,false,false
1400e8748,FUN_1400e8748,504,false,false
1400e8940,FUN_1400e8940,164,false,false
1400e89fc,FUN_1400e89fc,1610,false,false
1400e9048,FUN_1400e9048,240,false,false
1400e9138,FUN_1400e9138,182,false,false
1400e91f0,FUN_1400e91f0,1026,false,false
1400e95f4,FUN_1400e95f4,248,false,false
1400e96ec,FUN_1400e96ec,54,false,false
1400e9724,FUN_1400e9724,9737,false,false
1400ebd30,FUN_1400ebd30,644,false,false
1400ebfb4,FUN_1400ebfb4,47,false,false
1400ebfe4,FUN_1400ebfe4,160,false,false
1400ec084,FUN_1400ec084,107,false,false
1400ec0f0,FUN_1400ec0f0,542,false,false
1400ec310,FUN_1400ec310,277,false,false
1400ec428,FUN_1400ec428,216,false,false
1400ec500,FUN_1400ec500,227,false,false
1400ec5e4,FUN_1400ec5e4,178,false,false
1400ec698,FUN_1400ec698,15,false,false
1400ec6a8,FUN_1400ec6a8,115,false,false
1400ec71c,FUN_1400ec71c,164,false,false
1400ec7c0,FUN_1400ec7c0,190,false,false
1400ec880,FUN_1400ec880,320,false,false
1400ec9c0,FUN_1400ec9c0,61,false,false
1400eca00,FUN_1400eca00,981,false,false
1400ecdd8,FUN_1400ecdd8,84,false,false
1400ece2c,FUN_1400ece2c,134,false,false
1400eceb4,FUN_1400eceb4,97,false,false
1400ecf18,FUN_1400ecf18,88,false,false
1400ecf90,FUN_1400ecf90,741,false,false
1400ed278,FUN_1400ed278,1320,false,false
1400ed7a0,FUN_1400ed7a0,609,false,false
1400eda04,FUN_1400eda04,1090,false,false
1400ede48,FUN_1400ede48,1413,false,false
1400ee3d0,FUN_1400ee3d0,2134,false,false
1400eec28,FUN_1400eec28,519,false,false
1400eee30,FUN_1400eee30,86,false,false
1400eeea0,FUN_1400eeea0,126,false,false
1400eef20,FUN_1400eef20,344,false,false
1400ef078,FUN_1400ef078,20,false,false
1400ef08c,FUN_1400ef08c,161,false,false
1400ef14c,FUN_1400ef14c,1233,false,false
1400ef620,FUN_1400ef620,51,false,false
1400ef654,FUN_1400ef654,63,false,false
1400ef694,FUN_1400ef694,562,false,false
1400ef8c8,FUN_1400ef8c8,34,false,false
1400ef8ec,FUN_1400ef8ec,47,false,false
1400ef91c,FUN_1400ef91c,489,false,false
1400efb08,FUN_1400efb08,631,false,false
1400efd80,FUN_1400efd80,328,false,false
1400efec8,FUN_1400efec8,69,false,false
1400eff10,FUN_1400eff10,72,false,false
1400eff58,FUN_1400eff58,158,false,false
1400efff8,FUN_1400efff8,201,false,false
1400f00c4,FUN_1400f00c4,47,false,false
1400f00f4,FUN_1400f00f4,1281,false,false
1400f05f8,FUN_1400f05f8,79,false,false
1400f0648,FUN_1400f0648,177,false,false
1400f06fc,FUN_1400f06fc,47,false,false
1400f072c,FUN_1400f072c,232,false,false
1400f0814,FUN_1400f0814,525,false,false
1400f0a24,FUN_1400f0a24,22,false,false
1400f0a3c,FUN_1400f0a3c,126,false,false
1400f0abc,FUN_1400f0abc,483,false,false
1400f0ca0,FUN_1400f0ca0,337,false,false
1400f0df4,FUN_1400f0df4,188,false,false
1400f0eb0,FUN_1400f0eb0,199,false,false
1400f0f78,FUN_1400f0f78,47,false,false
1400f0fa8,FUN_1400f0fa8,592,false,false
1400f11f8,FUN_1400f11f8,59,false,false
1400f1234,FUN_1400f1234,321,false,false
1400f1378,FUN_1400f1378,206,false,false
1400f1448,FUN_1400f1448,71,false,false
1400f1490,FUN_1400f1490,113,false,false
1400f1504,FUN_1400f1504,550,false,false
1400f172c,FUN_1400f172c,1207,false,false
1400f1be4,FUN_1400f1be4,165,false,false
1400f1c8c,FUN_1400f1c8c,649,false,false
1400f1f18,FUN_1400f1f18,15,false,false
1400f1f28,FUN_1400f1f28,79,false,false
1400f1f78,FUN_1400f1f78,325,false,false
1400f20c0,FUN_1400f20c0,232,false,false
1400f21c0,FUN_1400f21c0,236,false,false
1400f22ac,FUN_1400f22ac,47,false,false
1400f22dc,FUN_1400f22dc,47,false,false
1400f230c,FUN_1400f230c,117,false,false
1400f2384,FUN_1400f2384,1378,false,false
1400f28e8,FUN_1400f28e8,59,false,false
1400f2924,FUN_1400f2924,15,false,false
1400f2934,FUN_1400f2934,201,false,false
1400f2a00,FUN_1400f2a00,75,false,false
1400f2a4c,FUN_1400f2a4c,47,false,false
1400f2a7c,FUN_1400f2a7c,160,false,false
1400f2b1c,FUN_1400f2b1c,38,false,false
1400f2b44,FUN_1400f2b44,38,false,false
1400f2b6c,FUN_1400f2b6c,24,false,false
1400f2b84,FUN_1400f2b84,108,false,false
1400f2bf0,FUN_1400f2bf0,81,false,false
1400f2c44,FUN_1400f2c44,169,false,false
1400f2cf0,FUN_1400f2cf0,225,false,false
1400f2dd4,FUN_1400f2dd4,321,false,false
1400f2f58,FUN_1400f2f58,360,false,false
1400f30c0,FUN_1400f30c0,267,false,false
1400f31cc,FUN_1400f31cc,151,false,false
1400f3264,FUN_1400f3264,162,false,false
1400f3308,FUN_1400f3308,330,false,false
1400f3454,thunk_FUN_1400f3308,5,true,false
1400f345c,FUN_1400f345c,223,false,false
1400f353c,FUN_1400f353c,22,false,false
1400f3554,FUN_1400f3554,98,false,false
1400f35b8,FUN_1400f35b8,133,false,false
1400f3640,FUN_1400f3640,50,false,false
1400f3674,FUN_1400f3674,118,false,false
1400f36ec,FUN_1400f36ec,2308,false,false
1400f400c,FUN_1400f400c,49,false,false
1400f4040,FUN_1400f4040,34,false,false
1400f4064,FUN_1400f4064,86,false,false
1400f40bc,FUN_1400f40bc,12,false,false
1400f40c8,FUN_1400f40c8,76,false,false
1400f4114,FUN_1400f4114,127,false,false
1400f4194,FUN_1400f4194,116,false,false
1400f4208,FUN_1400f4208,83,false,false
1400f425c,FUN_1400f425c,62,false,false
1400f429c,FUN_1400f429c,38,false,false
1400f42c4,FUN_1400f42c4,54,false,false
1400f42fc,FUN_1400f42fc,2347,false,false
1400f4c28,FUN_1400f4c28,117,false,false
1400f4ca0,FUN_1400f4ca0,123,false,false
1400f4d1c,FUN_1400f4d1c,319,false,false
1400f4e5c,FUN_1400f4e5c,679,false,false
1400f5104,FUN_1400f5104,163,false,false
1400f51a8,FUN_1400f51a8,47,false,false
1400f51d8,FUN_1400f51d8,162,false,false
1400f527c,FUN_1400f527c,186,false,false
1400f5338,FUN_1400f5338,142,false,false
1400f53c8,FUN_1400f53c8,399,false,false
1400f5558,FUN_1400f5558,43,false,false
1400f5584,FUN_1400f5584,129,false,false
1400f5608,FUN_1400f5608,129,false,false
1400f568c,FUN_1400f568c,149,false,false
1400f5724,FUN_1400f5724,102,false,false
1400f578c,FUN_1400f578c,102,false,false
1400f57f4,FUN_1400f57f4,118,false,false
1400f586c,FUN_1400f586c,102,false,false
1400f58d4,FUN_1400f58d4,102,false,false
1400f593c,FUN_1400f593c,129,false,false
1400f59c0,FUN_1400f59c0,129,false,false
1400f5a44,FUN_1400f5a44,149,false,false
1400f5adc,FUN_1400f5adc,118,false,false
1400f5b54,FUN_1400f5b54,185,false,false
1400f5c10,FUN_1400f5c10,92,false,false
1400f5c6c,thunk_FUN_1400f429c,5,true,false
1400f5c74,FUN_1400f5c74,218,false,false
1400f5d50,FUN_1400f5d50,115,false,false
1400f5dc4,FUN_1400f5dc4,101,false,false
1400f5e2c,FUN_1400f5e2c,203,false,false
1400f5ef8,FUN_1400f5ef8,101,false,false
1400f5f60,FUN_1400f5f60,212,false,false
1400f6034,FUN_1400f6034,110,false,false
1400f60a4,FUN_1400f60a4,309,false,false
1400f61dc,FUN_1400f61dc,1896,false,false
1400f6944,FUN_1400f6944,114,false,false
1400f69b8,FUN_1400f69b8,1016,false,false
1400f6db0,FUN_1400f6db0,8526,false,false
1400f8f00,FUN_1400f8f00,203,false,false
1400f8fcc,FUN_1400f8fcc,309,false,false
1400f9104,FUN_1400f9104,47,false,false
1400f9134,FUN_1400f9134,495,false,false
1400f9324,FUN_1400f9324,379,false,false
1400f94a0,FUN_1400f94a0,8374,false,false
1400fb558,FUN_1400fb558,47,false,false
1400fb588,FUN_1400fb588,203,false,false
1400fb654,FUN_1400fb654,734,false,false
1400fb934,FUN_1400fb934,263,false,false
1400fba3c,FUN_1400fba3c,42,false,false
1400fba68,FUN_1400fba68,79,false,false
1400fbab8,FUN_1400fbab8,246,false,false
1400fbbb0,FUN_1400fbbb0,254,false,false
1400fbcb0,FUN_1400fbcb0,255,false,false
1400fbdb0,FUN_1400fbdb0,47,false,false
1400fbde0,FUN_1400fbde0,117,false,false
1400fbe58,FUN_1400fbe58,70,false,false
1400fbf00,FUN_1400fbf00,222,false,false
1400fbfe0,FUN_1400fbfe0,81,false,false
1400fc034,FUN_1400fc034,44,false,false
1400fc060,FUN_1400fc060,178,false,false
1400fc114,FUN_1400fc114,52,false,false
1400fc148,FUN_1400fc148,408,false,false
1400fc2e0,FUN_1400fc2e0,91,false,false
1400fc33c,FUN_1400fc33c,58,false,false
1400fc378,FUN_1400fc378,221,false,false
1400fc458,FUN_1400fc458,76,false,false
1400fc4a4,FUN_1400fc4a4,714,false,false
1400fc770,FUN_1400fc770,47,false,false
1400fc7a0,FUN_1400fc7a0,284,false,false
1400fc8bc,FUN_1400fc8bc,47,false,false
1400fc8ec,FUN_1400fc8ec,1408,false,false
1400fce6c,FUN_1400fce6c,215,false,false
1400fcf44,FUN_1400fcf44,208,false,false
1400fd014,FUN_1400fd014,403,false,false
1400fd1a8,FUN_1400fd1a8,120,false,false
1400fd220,FUN_1400fd220,247,false,false
1400fd318,FUN_1400fd318,67,false,false
1400fd35c,FUN_1400fd35c,476,false,false
1400fd538,FUN_1400fd538,173,false,false
1400fd5e8,FUN_1400fd5e8,380,false,false
1400fd764,FUN_1400fd764,261,false,false
1400fd86c,FUN_1400fd86c,620,false,false
1400fdad8,FUN_1400fdad8,1025,false,false
1400fdedc,FUN_1400fdedc,594,false,false
1400fe130,FUN_1400fe130,55,false,false
1400fe168,FUN_1400fe168,826,false,false
1400fe4a4,FUN_1400fe4a4,278,false,false
1400fe5bc,FUN_1400fe5bc,33,false,false
1400fe5e0,FUN_1400fe5e0,47,false,false
1400fe610,FUN_1400fe610,1607,false,false
1400fec58,FUN_1400fec58,56,false,false
1400fec9c,FUN_1400fec9c,93,false,false
1400fecfc,FUN_1400fecfc,58,false,false
1400fed38,FUN_1400fed38,108,false,false
1400feda4,FUN_1400feda4,126,false,false
1400fee24,FUN_1400fee24,109,false,false
1400fee94,FUN_1400fee94,168,false,false
1400fef3c,FUN_1400fef3c,321,false,false
1400ff080,FUN_1400ff080,211,false,false
1400ff154,FUN_1400ff154,182,false,false
1400ff20c,FUN_1400ff20c,174,false,false
1400ff2bc,FUN_1400ff2bc,341,false,false
1400ff414,FUN_1400ff414,393,false,false
1400ff5a0,FUN_1400ff5a0,47,false,false
1400ff5d0,FUN_1400ff5d0,350,false,false
1400ff730,FUN_1400ff730,376,false,false
1400ff8a8,FUN_1400ff8a8,399,false,false
1400ffa38,FUN_1400ffa38,298,false,false
1400ffb64,FUN_1400ffb64,1419,false,false
1401000f0,FUN_1401000f0,205,false,false
1401001c0,FUN_1401001c0,2306,false,false
140100ac4,FUN_140100ac4,4631,false,false
140101cdc,FUN_140101cdc,88,false,false
140101d34,FUN_140101d34,59,false,false
140101d74,FUN_140101d74,62,false,false
140101db8,FUN_140101db8,63,false,false
140101e04,FUN_140101e04,103,false,false
140101e70,FUN_140101e70,103,false,false
140101ed8,FUN_140101ed8,676,false,false
140102184,FUN_140102184,190,false,false
140102244,FUN_140102244,41,false,false
140102270,FUN_140102270,1288,false,false
140102778,FUN_140102778,207,false,false
140102848,FUN_140102848,221,false,false
140102928,FUN_140102928,309,false,false
140102a5e,WinExec,6,true,false
140102a64,Process32NextW,6,true,false
140102a6a,Process32FirstW,6,true,false
140102a70,CreateToolhelp32Snapshot,6,true,false
140102a76,SetSystemPowerState,6,true,false
140102a90,FUN_140102a90,217,false,false
140102b7c,free,5,true,false
140102d08,FUN_140102d08,57,false,false
140102d44,FUN_140102d44,33,false,false
140102d68,operator_new,152,false,false
140102e04,__onexitinit,66,false,false
140102e48,_onexit,261,false,false
140102f50,atexit,23,false,false
140102f68,_vswprintf_l,170,false,false
140103014,FUN_140103014,11,false,false
140103020,FUN_140103020,25,false,false
14010303c,wcscat,44,false,false
140103068,FUN_140103068,27,false,false
140103084,_LocaleUpdate,169,false,false
140103130,_wcsicmp_l,273,false,false
140103244,_wcsicmp,148,false,false
1401032d8,_wcsupr_s_l_stat,534,false,false
1401034f0,_wcsupr_s_l,75,false,false
14010353c,_wcsupr,134,false,false
1401035c4,_vsnwprintf_l,233,false,false
1401036b0,_vsnwprintf,22,false,false
1401036e0,memcpy,720,false,false
140103a20,FUN_140103a20,8,false,false
140103a28,__initstdio,226,false,false
140103b0c,__endstdio,39,false,false
140103b34,_lock_file,95,false,false
140103b94,_lock_file2,45,false,false
140103bc4,_unlock_file,86,false,false
140103c1c,_unlock_file2,39,false,false
140103c44,wcscmp,52,false,false
140103c78,perror,173,false,false
140103d28,_snwprintf,232,false,false
140103e10,FUN_140103e10,134,false,false
140103e98,thunk_FUN_140103e10,5,true,false
140103ea0,puts,434,false,false
140104054,wcstok,170,false,false
140104100,wcstoxl,584,false,false
140104348,wcstol,48,false,false
140104378,wcstoul,51,false,false
1401043ac,_isleadbyte_l,69,false,false
1401043f4,isleadbyte,71,false,false
14010443c,FUN_14010443c,10,false,false
140104448,memcpy_s,151,false,false
1401044e0,memmove_s,97,false,false
140104544,_wcslwr_s_l_stat,534,false,false
14010475c,_wcslwr_s_l,75,false,false
1401047a8,FUN_1401047a8,8,false,false
1401047b0,wcsncmp,48,false,false
1401047e0,_wcsnicmp_l,297,false,false
14010490c,_wcsnicmp,165,false,false
1401049b4,free,5,true,false
1401049bc,operator_new,5,true,false
1401049c4,free,61,false,false
140104a04,calloc,65,false,false
140104a48,malloc,182,false,false
140104b00,FUN_140104b00,773,false,false
140104e08,FUN_140104e08,787,false,false
14010511c,FUN_14010511c,651,false,false
1401053a8,FUN_1401053a8,276,false,false
1401054bc,FUN_1401054bc,302,false,false
1401055ec,FUN_1401055ec,734,false,false
1401058cc,FUN_1401058cc,756,false,false
140105bc0,FUN_140105bc0,846,false,false
140105f10,FUN_140105f10,1494,false,false
1401064fa,FUN_1401064fa,4,false,false
140106500,FUN_140106500,162,false,false
1401065a4,FUN_1401065a4,175,false,false
140106654,FUN_140106654,807,false,false
14010697c,FUN_14010697c,266,false,false
140106a88,FUN_140106a88,468,false,false
140106c5c,FUN_140106c5c,791,false,false
140106f74,_localtime64_s,815,false,false
1401072a4,_localtime64,73,false,false
1401072f0,_time64,93,false,false
140107350,_purecall,54,false,false
1401073a0,memcmp,198,false,false
140107468,FUN_140107468,644,false,false
1401076ec,vscan_fn,163,false,false
140107790,FID_conflict:sscanf,53,false,false
1401077e0,strncpy,354,false,false
140107944,FUN_140107944,10,false,false
140107950,_GetEstablisherFrame,235,false,false
140107a3c,_GetImageBase,21,false,false
140107a54,_GetThrowImageBase,21,false,false
140107a6c,_SetImageBase,27,false,false
140107a88,FUN_140107a88,27,false,false
140107aa4,__FrameUnwindToEmptyState,172,false,false
140107b50,FID_conflict:__CxxFrameHandler,135,false,false
140107bd8,__SehTransFilter,161,false,false
140107c7c,_CallSETranslator,81,false,false
140107cd0,_GetRangeOfTrysToCheck,293,false,false
140107df8,_CreateFrameInfo,67,false,false
140107e3c,_IsExceptionObjectToBeDestroyed,50,false,false
140107e70,_FindAndUnlinkFrame,94,false,false
140107ed0,_UnwindNestedFrames,230,false,false
140107fb8,FUN_140107fb8,57,false,false
140107ff4,operator==,32,false,false
140108014,__tmainCRTStartup,441,false,false
1401081ec,entry,18,false,false
140108200,exception,113,false,false
140108274,exception,25,false,false
140108290,exception,128,false,false
140108310,~exception,34,false,false
140108334,FUN_140108334,17,false,false
140108348,FUN_140108348,47,false,false
140108378,FUN_140108378,8,false,false
140108380,_callnewh,50,false,false
1401083b4,_CxxThrowException,145,false,false
140108448,EncodePointer,7,true,false
140108450,FUN_140108450,9,false,false
14010845c,DecodePointer,7,true,false
140108464,_mtterm,37,false,false
14010848c,_initptd,178,false,false
140108540,_getptd_noexit,132,false,false
1401085c4,_getptd,36,false,false
1401085e8,_freefls,309,false,false
140108720,_mtinit,129,false,false
1401087a4,_malloc_crt,108,false,false
140108810,_calloc_crt,131,false,false
140108894,_realloc_crt,133,false,false
14010891c,_recalloc_crt,136,false,false
1401089a4,_msize,70,false,false
1401089ec,_amsg_exit,45,false,false
140108a1c,__crtCorExitProcess,57,false,false
140108a58,__crtExitProcess,21,false,false
140108a70,FUN_140108a70,10,false,false
140108a7c,FUN_140108a7c,10,false,false
140108a88,_initterm,51,false,false
140108abc,_initterm_e,57,false,false
140108af8,_cinit,175,false,false
140108ba8,doexit,393,false,false
140108d34,FUN_140108d34,10,false,false
140108d40,FUN_140108d40,12,false,false
140108d4c,_cexit,13,false,false
140108d6c,_init_pointers,103,false,false
140108dd4,__C_specific_handler,417,false,false
140108f78,_flsbuf,397,false,false
140109108,write_char,55,false,false
140109140,write_multi_char,81,false,false
140109194,write_string,131,false,false
140109218,_woutput_l,2829,false,false
140109d28,FUN_140109d28,8,false,false
140109d30,_invoke_watson,293,false,false
140109e58,_invalid_parameter,133,false,false
140109ee0,_get_errno_from_oserr,71,false,false
140109f28,__doserrno,32,false,false
140109f48,__doserrno,32,false,false
140109f68,_dosmaperr,70,false,false
140109fb0,setSBCS,146,false,false
14010a044,setSBUpLow,483,false,false
14010a228,__updatetmbcinfo,188,false,false
14010a2e4,getSystemCP,144,false,false
14010a374,_setmbcp_nolock,631,false,false
14010a5ec,_setmbcp,504,false,false
14010a7e4,__initmbctable,40,false,false
14010a80c,__freetlocinfo,378,false,false
14010a988,__addlocaleref,149,false,false
14010aa20,__removelocaleref,165,false,false
14010aac8,_updatetlocinfoEx_nolock,87,false,false
14010ab20,__updatetlocinfo,117,false,false
14010ab98,_towlower_l,250,false,false
14010ac94,__GSHandlerCheckCommon,99,false,false
14010acf8,__GSHandlerCheck,29,false,false
14010ad18,wcscpy_s,129,false,false
14010ad9c,__crtLCMapStringW,162,false,false
14010ae40,FUN_14010ae40,31,false,false
14010ae70,__security_check_cookie,31,false,false
14010ae90,_ioinit,746,false,false
14010b180,_fcloseall,176,false,false
14010b230,_flush,121,false,false
14010b2ac,_fflush_nolock,71,false,false
14010b2f4,flsall,244,false,false
14010b3e8,FUN_14010b3e8,10,false,false
14010b3f4,_mtinitlocks,138,false,false
14010b480,_mtdeletelocks,131,false,false
14010b504,FUN_14010b504,24,false,false
14010b51c,_mtinitlocknum,232,false,false
14010b604,_lock,68,false,false
14010b648,FUN_14010b648,8,false,false
14010b650,FUN_14010b650,8,false,false
14010b658,_free_osfhnd,172,false,false
14010b704,_get_osfhandle,132,false,false
14010b788,__lock_fhandle,166,false,false
14010b830,_unlock_fhandle,40,false,false
14010b858,_write_nolock,1886,false,false
14010bfb8,_write,305,false,false
14010c100,strlen,168,false,false
14010c1a8,_forcdecpt_l,127,false,false
14010c228,_cropzeros_l,157,false,false
14010c2e0,_fassign_l,66,false,false
14010c33c,_cftoe2_l,599,false,false
14010c594,_cftoe_l,268,false,false
14010c6a0,_cftoa_l,1065,false,false
14010cacc,_cftof2_l,451,false,false
14010cc90,_cftof_l,230,false,false
14010cd78,_cftog_l,324,false,false
14010cebc,_cfltcvt_l,149,false,false
14010cf54,_cfltcvt,36,false,false
14010cf78,_initp_misc_cfltcvt_tab,54,false,false
14010cfb0,_stbuf,209,false,false
14010d084,_ftbuf,53,false,false
14010d0bc,_fwrite_nolock,410,false,false
14010d258,_fileno,54,false,false
14010d290,_wchartodigit,405,false,false
14010d428,_iswctype_l,186,false,false
14010d4e4,iswctype,144,false,false
14010d574,_heap_init,76,false,false
14010d5c0,_calloc_impl,175,false,false
14010d670,_NMSG_WRITE,549,false,false
14010d898,_FF_MSGBANNER,67,false,false
14010d8dc,_controlfp_s,115,false,false
14010d950,FUN_14010d950,101,false,false
14010d9b8,_exception_enabled,185,false,false
14010da74,FUN_14010da74,335,false,false
14010dbc4,FUN_14010dbc4,782,false,false
14010ded4,FUN_14010ded4,1281,false,false
14010e3d8,_tzset_nolock,1175,false,false
14010e878,cvtdate,696,false,false
14010eb30,_isindst_nolock,673,false,false
14010edd4,__tzset,59,false,false
14010ee10,_isindst,48,false,false
14010ee40,_gmtime64_s,716,false,false
14010f10c,_get_daylight,63,false,false
14010f14c,_get_dstbias,63,false,false
14010f18c,_get_timezone,63,false,false
14010f1cc,FUN_14010f1cc,8,false,false
14010f1d4,FUN_14010f1d4,8,false,false
14010f1dc,FUN_14010f1dc,8,false,false
14010f1e4,FUN_14010f1e4,8,false,false
14010f1ec,__getgmtimebuf,70,false,false
14010f234,abort,161,false,false
14010f2d8,_set_abort_behavior,28,false,false
14010f2f4,FUN_14010f2f4,8,false,false
14010f2fc,__check_float_string,150,false,false
14010f394,_inc,38,false,false
14010f3bc,_input_l,4480,false,false
14011053c,__StateFromIp,138,false,false
1401105c8,FUN_1401105c8,8,false,false
1401105d0,__GetCurrentState,39,false,false
1401105f8,__SetState,12,false,false
140110604,__SetUnwindTryBlock,59,false,false
140110640,__GetUnwindTryBlock,41,false,false
14011067c,FUN_14011067c,57,false,false
1401106b8,__TypeMatch,291,false,false
1401107dc,FUN_1401107dc,72,false,false
140110828,__FrameUnwindToState,374,false,false
1401109bc,__DestructExceptionObject,61,false,false
140110a00,__AdjustPointer,35,false,false
140110a24,FUN_140110a24,210,false,false
140110af8,__CxxCallCatchBlock,438,false,false
140110d38,__BuildCatchObjectHelper,544,false,false
140110f60,__BuildCatchObject,170,false,false
140111010,CatchIt,193,false,false
1401110d4,FindHandlerForForeignException,580,false,false
140111318,FUN_140111318,1367,false,false
140111874,FUN_140111874,33,false,false
140111898,__InternalCxxFrameHandler,549,false,false
140111ac0,terminate,30,false,false
140111ae4,FUN_140111ae4,30,false,false
140111b08,_initp_eh_hooks,28,false,false
140111b24,_Type_info_dtor,113,false,false
140111bb0,strcmp,164,false,false
140111c60,FUN_140111c60,64,false,false
140111ca4,FUN_140111ca4,24,false,false
140111cbc,_XcptFilter,462,false,false
140111e8c,_wwincmdln,90,false,false
140111ee8,_wsetenvp,310,false,false
140112020,wparse_cmdline,408,false,false
1401121b8,_wsetargv,240,false,false
1401122a8,__crtGetEnvironmentStringsW,137,false,false
140112334,GetCommandLineW,7,true,false
14011233c,_RTC_Initialize,56,false,false
140112374,FUN_140112374,56,false,false
1401123ac,__security_init_cookie,179,false,false
140112460,strcpy_s,113,false,false
1401124d4,realloc,211,false,false
1401125a8,_recalloc,154,false,false
140112650,_ValidateImageBase,47,false,false
140112680,_FindPESection,70,false,false
1401126d0,_IsNonwritableInCurrentImage,63,false,false
140112714,_initp_misc_winsig,29,false,false
140112734,FUN_140112734,12,false,false
140112740,raise,625,false,false
1401129b4,FUN_1401129b4,8,false,false
1401129bc,FUN_1401129bc,8,false,false
1401129c4,__crtInitCritSecAndSpinCount,27,false,false
140112a10,FUN_140112a10,36,false,false
140112a40,FUN_140112a40,25,false,false
140112a70,FUN_140112a70,1,false,false
140112a74,_lseeki64_nolock,149,false,false
140112b0c,_lseeki64,311,false,false
140112c44,_getbuf,83,false,false
140112c98,_isatty,111,false,false
140112d08,_fputwc_nolock,487,false,false
140112ef0,_get_printf_count_output,24,false,false
140112f08,_mbtowc_l,369,false,false
14011307c,FUN_14011307c,8,false,false
140113084,FUN_140113084,8,false,false
14011308c,__crtLCMapStringA_stat,1341,false,false
1401135cc,__crtLCMapStringA,150,false,false
140113664,__crtGetStringTypeA_stat,618,false,false
1401138d0,__crtGetStringTypeA,137,false,false
14011395c,__free_lc_time,490,false,false
140113b48,__free_lconv_num,72,false,false
140113b90,__free_lconv_mon,149,false,false
140113c28,___lc_codepage_func,55,false,false
140113c60,strcat_s,137,false,false
140113cec,strncpy_s,213,false,false
140113e98,__report_gsfailure,330,false,false
140113fe4,_fclose_nolock,137,false,false
140114070,fclose,118,false,false
1401140e8,_commit,275,false,false
1401141fc,_putwch_nolock,276,false,false
140114310,strrchr,38,false,false
140114338,isdigit,126,false,false
1401143b8,isxdigit,131,false,false
14011443c,isspace,126,false,false
1401144bc,_tolower_l,368,false,false
14011462c,tolower,40,false,false
140114654,FID_conflict:_atoflt_l,258,false,false
140114758,FID_conflict:_atoflt_l,258,false,false
14011485c,_fptostr,217,false,false
140114938,__dtold,214,false,false
140114a10,_fltout2,192,false,false
140114adc,__crtGetStringTypeW,99,false,false
140114b40,__crtMessageBoxA,500,false,false
140114d34,_set_error_mode,80,false,false
140114d84,_control87,627,false,false
140115020,_raise_exc_ex,825,false,false
14011535c,_raise_exc,39,false,false
140115384,_set_errno_from_matherr,45,false,false
1401153b4,_statfp,17,false,false
1401153c8,_clrfp,29,false,false
1401153e8,_ctrlfp,102,false,false
140115468,_set_statfp,31,false,false
140115488,FUN_140115488,11,false,false
140115494,_getenv_helper_nolock,161,false,false
140115538,_filbuf,346,false,false
140115694,_ungetc_nolock,283,false,false
1401157b8,FID_conflict:_ValidateRead,9,false,false
1401157c4,_flswbuf,399,false,false
140115954,_wctomb_s_l,528,false,false
140115b64,wctomb_s,20,false,false
140115b78,strtoxl,642,false,false
140115dfc,strtol,48,false,false
140115e2c,__ansicp,83,false,false
140115e80,__convertcp,645,false,false
140116108,__ascii_strnicmp,71,false,false
140116150,_strnicmp_l,273,false,false
140116264,_close_nolock,188,false,false
140116320,_close,280,false,false
140116438,_freebuf,55,false,false
140116470,__initconout,59,false,false
1401164ac,__termcon,59,false,false
1401164e8,_isctype_l,265,false,false
1401165f4,FID_conflict:_ld12tod,1539,false,false
140116bf8,FID_conflict:_ld12tod,1539,false,false
1401171fc,__strgtold12_l,2297,false,false
140117af8,$I10_OUTPUT,2919,false,false
140118660,FUN_140118660,10,false,false
14011866a,_fclrf,20,false,false
140118680,_mbsnbicoll_l,271,false,false
140118790,FUN_140118790,8,false,false
140118798,__wtomb_environ,242,false,false
14011888c,_read_nolock,1919,false,false
14011900c,_read,370,false,false
140119180,__mtold12,542,false,false
1401193a0,__crtCompareStringA_stat,1242,false,false
14011987c,__crtCompareStringA,137,false,false
140119908,_strnicoll_l,277,false,false
140119a20,__crtsetenv,944,false,false
140119dd0,_strdup,111,false,false
140119e40,_mbschr_l,246,false,false
140119f38,FUN_140119f38,8,false,false
140119f40,thunk_FUN_140119f49,2,true,false
140119f49,FUN_140119f49,24,false,false
140119f5a,VerQueryValueW,6,true,false
140119f60,GetFileVersionInfoW,6,true,false
140119f66,GetFileVersionInfoSizeW,6,true,false
140119f6c,StringVPrintfWorkerW,117,false,false
140119fe4,StringLengthWorkerW,56,false,false
14011a01c,StringValidateDestW,46,false,false
14011a04a,RtlLookupFunctionEntry,6,true,false
14011a050,RtlUnwindEx,6,true,false
14011a056,RtlPcToFileHeader,6,true,false
14011a05c,RtlVirtualUnwind,6,true,false
14011a0a0,__chkstk,78,false,false
14011a100,_CallSettingFrame,64,false,false
14011a150,_get_fpsr,16,false,false
14011a160,Catch@14011a160,28,false,false
14011a17d,Catch@14011a17d,28,false,false
14011a19a,Catch@14011a19a,28,false,false
14011a1b7,Catch@14011a1b7,28,false,false
14011a1d4,Catch@14011a1d4,28,false,false
14011a1f1,Unwind@14011a1f1,27,false,false
14011a211,Unwind@14011a211,27,false,false
14011a231,Catch@14011a231,28,false,false
14011a24e,FUN_14011a24e,20,false,false
14011a262,FUN_14011a262,27,false,false
14011a27d,FUN_14011a27d,37,false,false
14011a2a2,_CallSETranslator$filt$0,68,false,false
14011a2e6,FUN_14011a2e6,28,false,false
14011a302,FUN_14011a302,25,false,false
14011a322,FUN_14011a322,25,false,false
14011a33b,FUN_14011a33b,34,false,false
14011a35d,FUN_14011a35d,25,false,false
14011a376,FUN_14011a376,25,false,false
14011a38f,FUN_14011a38f,25,false,false
14011a3a8,FUN_14011a3a8,38,false,false
14011a3d8,FUN_14011a3d8,25,false,false
14011a3f1,FUN_14011a3f1,28,false,false
14011a40d,FUN_14011a40d,25,false,false
14011a426,FUN_14011a426,25,false,false
14011a43f,FUN_14011a43f,25,false,false
14011a458,FUN_14011a458,20,false,false
14011a478,FUN_14011a478,40,false,false
14011a4a0,FUN_14011a4a0,23,false,false
14011a4b7,FUN_14011a4b7,243,false,false
14011a5b7,FUN_14011a5b7,144,false,false
14011a647,FUN_14011a647,25,false,false
14011a660,FUN_14011a660,33,false,false
14011a681,FUN_14011a681,28,false,false
14011a69d,FUN_14011a69d,34,false,false
14011a6bf,FUN_14011a6bf,24,false,false
14011a6d7,FUN_14011a6d7,47,false,false
14011a706,FUN_14011a706,43,false,false
14011a731,FUN_14011a731,23,false,false
14011a748,FUN_14011a748,23,false,false
14011a808,FUN_14011a808,33,false,false
14011a844,FUN_14011a844,33,false,false
14011a868,FUN_14011a868,34,false,false
14011a88c,FUN_14011a88c,35,false,false
14011a8b0,FUN_14011a8b0,33,false,false
14011a8d4,FUN_14011a8d4,33,false,false
14011a8f8,FUN_14011a8f8,32,false,false
14011a918,FUN_14011a918,32,false,false
14011a938,FUN_14011a938,33,false,false
14011a968,FUN_14011a968,33,false,false
14011a9b0,FUN_14011a9b0,33,false,false
14011a9d4,FUN_14011a9d4,33,false,false
14011a9f8,FUN_14011a9f8,33,false,false
14011aa80,FUN_14011aa80,33,false,false
14011aaa4,FUN_14011aaa4,12,false,false
14011aab0,FUN_14011aab0,12,false,false
14011aabc,FUN_14011aabc,12,false,false
14011aac8,FUN_14011aac8,12,false,false
14011aad4,FUN_14011aad4,12,false,false
14011aae0,FUN_14011aae0,12,false,false
14011aaec,FUN_14011aaec,12,false,false
14011aaf8,FUN_14011aaf8,12,false,false
14011ab04,FUN_14011ab04,12,false,false
14011ab10,FUN_14011ab10,12,false,false
14011ab1c,FUN_14011ab1c,12,false,false
14011ab28,FUN_14011ab28,12,false,false
14011ab34,FUN_14011ab34,12,false,false
14011ab40,FUN_14011ab40,12,false,false
14011ab5c,FUN_14011ab5c,12,false,false
14011ab68,FUN_14011ab68,12,false,false
14011ab9c,FUN_14011ab9c,34,false,false
14011abf0,FUN_14011abf0,12,false,false
14011ac0c,FUN_14011ac0c,12,false,false
14011ac18,FUN_14011ac18,12,false,false
14011ac24,FUN_14011ac24,12,false,false
14011ac90,FUN_14011ac90,12,false,false
14011acb4,FUN_14011acb4,32,false,false
14011acd4,FUN_14011acd4,12,false,false
14011acf0,FUN_14011acf0,26,false,false
